-- phpMyAdmin SQL Dump
-- version 4.5.1
-- http://www.phpmyadmin.net
--
-- Host: 127.0.0.1
-- Generation Time: Aug 15, 2017 at 10:44 AM
-- Server version: 10.1.19-MariaDB
-- PHP Version: 5.6.28

SET SQL_MODE = "NO_AUTO_VALUE_ON_ZERO";
SET time_zone = "+00:00";


/*!40101 SET @OLD_CHARACTER_SET_CLIENT=@@CHARACTER_SET_CLIENT */;
/*!40101 SET @OLD_CHARACTER_SET_RESULTS=@@CHARACTER_SET_RESULTS */;
/*!40101 SET @OLD_COLLATION_CONNECTION=@@COLLATION_CONNECTION */;
/*!40101 SET NAMES utf8mb4 */;

--
-- Database: `miniproject_faculty`
--

-- --------------------------------------------------------

--
-- Table structure for table `branch_table`
--

CREATE TABLE `branch_table` (
  `Branch_Code` varchar(10) NOT NULL,
  `Branch_Name` varchar(20) NOT NULL,
  `Department` varchar(20) NOT NULL
) ENGINE=InnoDB DEFAULT CHARSET=latin1;

--
-- Dumping data for table `branch_table`
--

INSERT INTO `branch_table` (`Branch_Code`, `Branch_Name`, `Department`) VALUES
('CSE', 'CSE', 'Computer Science'),
('ECE', 'ECE', 'Electronics & Comms'),
('EEE', 'EEE', 'Electrical'),
('IT', 'IT', 'Information Tech');

-- --------------------------------------------------------

--
-- Table structure for table `course_outcome_table`
--

CREATE TABLE `course_outcome_table` (
  `Course_Code` varchar(10) NOT NULL,
  `Course_Outcome_Id` varchar(10) NOT NULL,
  `Outcome_Description` varchar(150) NOT NULL
) ENGINE=InnoDB DEFAULT CHARSET=latin1;

--
-- Dumping data for table `course_outcome_table`
--

INSERT INTO `course_outcome_table` (`Course_Code`, `Course_Outcome_Id`, `Outcome_Description`) VALUES
('12CS351CV', 'CO1', 'Understand the basic concept of compiler design, and its different phases which will be helpful to construct new tools \r\nlike LEX, YACC etc.'),
('12CS351CV', 'CO2', 'Acquire knowledge \r\nin different phases and passes of compiler.'),
('12CS351CV', 'CO3', 'Ability to implement semantic rules into a parser that performs \r\nattribution while parsing and apply error detection and correction methods.'),
('12CS351CV', 'CO4', 'Design a compiler for a consice programming language.'),
('12CS302CV', 'CO1', 'History of graphic communication and the main concepts behind visual communications theories.'),
('12CS302CV', 'CO2', 'Define basic computing terms dealing with graphic software applications, hardware,etc.'),
('12CS302CV', 'CO3', 'Demonstrate the process of graphic design productivity by synthesizing information gathered from various stakeholders.'),
('12CS302CV', 'CO4', 'List and describe the basic design, terms, and concepts and demonstrate an intelligent choice of type, color, images in communicating effectively.'),
('12CS302CV', 'CO5', 'Explain the importance of consistency of design, usability and core messaging.'),
('12CS302CV', 'CO6', 'To understand contemporary terminology, progress, issues and trends.'),
('12CS302CV', 'CO7', 'Geometric transformations, geometric algorithms, software systems.'),
('12CS302CV', 'CO8', 'The interdisciplinary nature of computer graphics is emphasized in the wide variety of examples and applications.'),
('12CS352CV', 'CO1', 'Become familiar with information security goals, attacks, services and mechanisms and to understand the models of security.'),
('12CS352CV', 'CO2', 'To demonstrate the principles of symmetric encryption and algorithms and become familiar with secure hash algorithms and HMAC.'),
('12CS352CV', 'CO3', 'To implement the working principle of public key algorithms and know their applications.'),
('12CS352CV', 'CO4', 'Effectively learn the popular email security services.'),
('12CS352CV', 'CO5', 'To appreciate the mandated security headers introduced in IP version 6.'),
('12CS352CV', 'CO6', 'To adapt protocols like SSL, TLS, SET.'),
('12CS352CV', 'CO7', 'Become familiar with the classification of intruders and viruses and study the mechanisms to counterfeit them.'),
('12CS352CV', 'CO8', 'Become familiar with the concepts of Firewalls, Trusted systems and IDS.'),
('12IT351CV', 'CO1', 'Compare and contrast HTML,CSS,Js.'),
('12IT351CV', 'CO2', 'Implement JS to perform client-side functionalities and provide generic code across multiple domains such as Banking.'),
('12IT351CV', 'CO3', 'Assess and evaluate the role of Web Services for the management and delivery of electronic information.'),
('12IT351CV', 'CO4', 'Develop Web Applications using Servlet technology.'),
('12IT351CV', 'CO5', 'Design well-formed JSP pages and JSP documents.'),
('12IT351CV', 'CO6', 'Use new technologies to be used in JSP pages such as EL,JSTL.'),
('12IT351CV', 'CO7', 'Develop JDBC programs to access and RDBMS.'),
('12IT351CV', 'CO8', 'Develop Web Applications using Servlet technology, JSP and Databases.'),
('12EC353CV', 'CO1', 'Study and understand internal structure and external connection of microprocessor.\r\n'),
('12EC353CV', 'CO2', 'Write Assembly level language programs for any application using MASM Software.\r\n'),
('12EC353CV', 'CO3', 'Understand the architectural difference between the Processor and Controllers.'),
('12EC353CV', 'CO4', 'Describe the instruction set and Addressing modes difference between 8086 and 8051.'),
('12EC353CV', 'CO5', 'Understand the advanced features of AVR microcontrollers compared with 8051.'),
('12CS355CV', 'CO1', 'Apply advanced data communication methods and networking protocols for wireless and mobile environment.'),
('12CS355CV', 'CO2', 'Utilize and employ application frame works for developing mobile applications including under disconnected and weekly connected environment.'),
('12CS355CV', 'CO3', 'Select components and networks for particular application.'),
('12CS355CV', 'CO4', 'Understand issues related to client server computing with adaptation, power-aware and context aware computing and MANET Protocols.'),
('12CS355CV', 'CO5', 'Have a good understanding of how the underlying wireless and mobile communication networks work, their technical features.\r\n'),
('12CS355CV', 'CO6', 'Identify the important issues of developing mobile computing systems and applications.'),
('12CS355CV', 'CO7', 'Organize and manage software built for deployment and demonstration.');

-- --------------------------------------------------------

--
-- Table structure for table `course_table`
--

CREATE TABLE `course_table` (
  `Course_Code` varchar(10) NOT NULL,
  `Course_Title` varchar(25) NOT NULL,
  `Syllabus` varchar(150) NOT NULL
) ENGINE=InnoDB DEFAULT CHARSET=latin1;

--
-- Dumping data for table `course_table`
--

INSERT INTO `course_table` (`Course_Code`, `Course_Title`, `Syllabus`) VALUES
('12CS302CV', 'Computer Graphics', 'Introduction, Output Primitives, 2-D Transforms and Viewing, 3-D transformations,etc.'),
('12CS351CV', 'Compiler Design', 'Compiler Phases, Grammars, Parsers, Semantic Analysis, Symbol Tables, Code Optimization, Object Code Generation.'),
('12CS352CV', 'Network Security', 'Introduction, Symmetric Encryption, Public Key Cryptography, IP Security, etc.'),
('12CS355CV', 'WNMC', 'MAC, Mobile IP Network Layer, Mobile Transport Layer, Database Issues, MANETS.'),
('12EC353CV', 'MPMC', '8086 Architecture, 8086, Memory and I/O Interfacing, DMA Controllers, Serial Communication Interface, Microcontrollers, 8051, AVR.'),
('12EC381CV', 'MPMC Lab', '8086, 8251, 8051.'),
('12IT351CV', 'Web Technologies', 'HTML Common Tags, Intoduction to JS, XML, JavaBeans, Web Servers, JSP,etc.'),
('12IT383CV', 'Web Technologies Lab', 'HTML, CSS, JS, JSP, JavaBeans, JDBC.'),
('12MT381CV', 'Quantitative Ability Lab', 'Number Systems, PErcentages, Profit and Loss, Interest, Time and Distance, Averages, etc.'),
('aad', 'sdsf', 'fsfdf'),
('Suhas', 'Suhas', 'Suhas');

-- --------------------------------------------------------

--
-- Table structure for table `examination_table`
--

CREATE TABLE `examination_table` (
  `Examination_Code` varchar(20) NOT NULL,
  `Examination_Type` varchar(20) NOT NULL,
  `Max_Marks` int(11) NOT NULL
) ENGINE=InnoDB DEFAULT CHARSET=latin1;

--
-- Dumping data for table `examination_table`
--

INSERT INTO `examination_table` (`Examination_Code`, `Examination_Type`, `Max_Marks`) VALUES
('CD001', 'mid', 25),
('CD002', 'sem', 75),
('CG001', 'mid', 25),
('CG002', 'sem', 75),
('MPMC001', 'mid', 25),
('MPMC002', 'sem', 75),
('MPMC_EXT', 'Lab', 50),
('MPMC_INT', 'Lab', 25),
('NS001', 'mid', 25),
('NS002', 'sem', 75),
('QA_EXT', 'sem', 30),
('QA_INT', 'mid', 20),
('WN001', 'mid', 25),
('WN002', 'sem', 75),
('WT001', 'mid', 25),
('WT002', 'sem', 75),
('WT_EXT', 'Lab', 50),
('WT_INT', 'Lab', 25);

-- --------------------------------------------------------

--
-- Table structure for table `exam_questions_table`
--

CREATE TABLE `exam_questions_table` (
  `Course_Code` varchar(10) NOT NULL,
  `Examination_Code` varchar(20) NOT NULL,
  `Roll_No` varchar(15) NOT NULL,
  `Course_Outcome_Id` varchar(20) NOT NULL
) ENGINE=InnoDB DEFAULT CHARSET=latin1;

--
-- Dumping data for table `exam_questions_table`
--

INSERT INTO `exam_questions_table` (`Course_Code`, `Examination_Code`, `Roll_No`, `Course_Outcome_Id`) VALUES
('12CS302CV', 'CG001', '14B81A05R7', 'CO1/CO2/CO3/CO4'),
('12CS302CV', 'CG002', '14B81A05R7', 'CO1/CO2/CO3/CO4'),
('12CS351CV', 'CD001', '14B81A05R7', 'CO1/CO2/CO3/CO4'),
('12CS351CV', 'CD002', '14B81A05R7', 'CO1/CO2/CO3/CO4'),
('12CS352CV', 'NS001', '14B81A05R7', 'CO1/CO2/CO3/CO4'),
('12CS352CV', 'NS002', '14B81A05R7', 'CO1/CO2/CO3/CO4'),
('12CS355CV', 'WN001', '14B81A05R7', 'CO1/CO2/CO3/CO4'),
('12CS355CV', 'WN002', '14B81A05R7', 'CO1/CO2/CO3/CO4'),
('12EC353CV', 'MPMC001', '14B81A05R7', 'CO1/CO2/CO3/CO4'),
('12EC353CV', 'MPMC002', '14B81A05R7', 'CO1/CO2/CO3/CO4'),
('12IT351CV', 'WT001', '14B81A05R7', 'CO1/CO2/CO3/CO4'),
('12IT351CV', 'WT002', '14B81A05R7', 'CO1/CO2/CO3/CO4'),
('12CS302CV', 'CG001', '14B81A05R6', 'CO1/CO2/CO3/CO4'),
('12CS302CV', 'CG002', '14B81A05R6', 'CO1/CO2/CO3/CO4'),
('12CS351CV', 'CD001', '14B81A05R6', 'CO1/CO2/CO3/CO4'),
('12CS351CV', 'CD002', '14B81A05R6', 'CO1/CO2/CO3/CO4'),
('12CS352CV', 'NS001', '14B81A05R6', 'CO1/CO2/CO3/CO4'),
('12CS352CV', 'NS002', '14B81A05R6', 'CO1/CO2/CO3/CO4'),
('12CS355CV', 'WN001', '14B81A05R6', 'CO1/CO2/CO3/CO4'),
('12CS355CV', 'WN002', '14B81A05R6', 'CO1/CO2/CO3/CO4'),
('12EC353CV', 'MPMC001', '14B81A05R6', 'CO1/CO2/CO3/CO4'),
('12EC353CV', 'MPMC002', '14B81A05R6', 'CO1/CO2/CO3/CO4'),
('12IT351CV', 'WT001', '14B81A05R6', 'CO1/CO2/CO3/CO4'),
('12IT351CV', 'WT002', '14B81A05R6', 'CO1/CO2/CO3/CO4'),
('12CS302CV', 'CG001', '14B81A05R8', 'CO1/CO2/CO3/CO4'),
('12CS302CV', 'CG002', '14B81A05R8', 'CO1/CO2/CO3/CO4'),
('12CS351CV', 'CD001', '14B81A05R8', 'CO1/CO2/CO3/CO4'),
('12CS351CV', 'CD002', '14B81A05R8', 'CO1/CO2/CO3/CO4'),
('12CS352CV', 'NS001', '14B81A05R8', 'CO1/CO2/CO3/CO4'),
('12CS352CV', 'NS002', '14B81A05R8', 'CO1/CO2/CO3/CO4'),
('12CS355CV', 'WN001', '14B81A05R8', 'CO1/CO2/CO3/CO4'),
('12CS355CV', 'WN002', '14B81A05R8', 'CO1/CO2/CO3/CO4'),
('12EC353CV', 'MPMC001', '14B81A05R8', 'CO1/CO2/CO3/CO4'),
('12EC353CV', 'MPMC002', '14B81A05R8', 'CO1/CO2/CO3/CO4'),
('12IT351CV', 'WT001', '14B81A05R8', 'CO1/CO2/CO3/CO4'),
('12IT351CV', 'WT002', '14B81A05R8', 'CO1/CO2/CO3/CO4'),
('12CS302CV', 'CG001', '14B81A05V0', 'CO1/CO2/CO3/CO4'),
('12CS302CV', 'CG002', '14B81A05V0', 'CO1/CO2/CO3/CO4'),
('12CS351CV', 'CD001', '14B81A05V0', 'CO1/CO2/CO3/CO4'),
('12CS351CV', 'CD002', '14B81A05V0', 'CO1/CO2/CO3/CO4'),
('12CS352CV', 'NS001', '14B81A05V0', 'CO1/CO2/CO3/CO4'),
('12CS352CV', 'NS002', '14B81A05V0', 'CO1/CO2/CO3/CO4'),
('12CS355CV', 'WN001', '14B81A05V0', 'CO1/CO2/CO3/CO4'),
('12CS355CV', 'WN002', '14B81A05V0', 'CO1/CO2/CO3/CO4'),
('12EC353CV', 'MPMC001', '14B81A05V0', 'CO1/CO2/CO3/CO4'),
('12EC353CV', 'MPMC002', '14B81A05V0', 'CO1/CO2/CO3/CO4'),
('12IT351CV', 'WT001', '14B81A05V0', 'CO1/CO2/CO3/CO4'),
('12IT351CV', 'WT002', '14B81A05V0', 'CO1/CO2/CO3/CO4'),
('12CS302CV', 'CG001', '14B81A05V5', 'CO1/CO2/CO3/CO4'),
('12CS302CV', 'CG002', '14B81A05V5', 'CO1/CO2/CO3/CO4'),
('12CS351CV', 'CD001', '14B81A05V5', 'CO1/CO2/CO3/CO4'),
('12CS351CV', 'CD002', '14B81A05V5', 'CO1/CO2/CO3/CO4'),
('12CS352CV', 'NS001', '14B81A05V5', 'CO1/CO2/CO3/CO4'),
('12CS352CV', 'NS002', '14B81A05V5', 'CO1/CO2/CO3/CO4'),
('12CS355CV', 'WN001', '14B81A05V5', 'CO1/CO2/CO3/CO4'),
('12CS355CV', 'WN002', '14B81A05V5', 'CO1/CO2/CO3/CO4'),
('12EC353CV', 'MPMC001', '14B81A05V5', 'CO1/CO2/CO3/CO4'),
('12EC353CV', 'MPMC002', '14B81A05V5', 'CO1/CO2/CO3/CO4'),
('12IT351CV', 'WT001', '14B81A05V5', 'CO1/CO2/CO3/CO4'),
('12IT351CV', 'WT002', '14B81A05V5', 'CO1/CO2/CO3/CO4'),
('12CS302CV', 'CG001', '14B81A05U7', 'CO1/CO2/CO3/CO4'),
('12CS302CV', 'CG002', '14B81A05U7', 'CO1/CO2/CO3/CO4'),
('12CS351CV', 'CD001', '14B81A05U7', 'CO1/CO2/CO3/CO4'),
('12CS351CV', 'CD002', '14B81A05U7', 'CO1/CO2/CO3/CO4'),
('12CS352CV', 'NS001', '14B81A05U7', 'CO1/CO2/CO3/CO4'),
('12CS352CV', 'NS002', '14B81A05U7', 'CO1/CO2/CO3/CO4'),
('12CS355CV', 'WN001', '14B81A05U7', 'CO1/CO2/CO3/CO4'),
('12CS355CV', 'WN002', '14B81A05U7', 'CO1/CO2/CO3/CO4'),
('12EC353CV', 'MPMC001', '14B81A05U7', 'CO1/CO2/CO3/CO4'),
('12EC353CV', 'MPMC002', '14B81A05U7', 'CO1/CO2/CO3/CO4'),
('12IT351CV', 'WT001', '14B81A05U7', 'CO1/CO2/CO3/CO4'),
('12IT351CV', 'WT002', '14B81A05U7', 'CO1/CO2/CO3/CO4'),
('12CS302CV', 'CG001', '14B81A05U2', 'CO1/CO2/CO3/CO4'),
('12CS302CV', 'CG002', '14B81A05U2', 'CO1/CO2/CO3/CO4'),
('12CS351CV', 'CD001', '14B81A05U2', 'CO1/CO2/CO3/CO4'),
('12CS351CV', 'CD002', '14B81A05U2', 'CO1/CO2/CO3/CO4'),
('12CS352CV', 'NS001', '14B81A05U2', 'CO1/CO2/CO3/CO4'),
('12CS352CV', 'NS002', '14B81A05U2', 'CO1/CO2/CO3/CO4'),
('12CS355CV', 'WN001', '14B81A05U2', 'CO1/CO2/CO3/CO4'),
('12CS355CV', 'WN002', '14B81A05U2', 'CO1/CO2/CO3/CO4'),
('12EC353CV', 'MPMC001', '14B81A05U2', 'CO1/CO2/CO3/CO4'),
('12EC353CV', 'MPMC002', '14B81A05U2', 'CO1/CO2/CO3/CO4'),
('12IT351CV', 'WT001', '14B81A05U2', 'CO1/CO2/CO3/CO4'),
('12IT351CV', 'WT002', '14B81A05U2', 'CO1/CO2/CO3/CO4'),
('12CS302CV', 'CG001', '14B81A05R9', 'CO1/CO2/CO3/CO4'),
('12CS302CV', 'CG002', '14B81A05R9', 'CO1/CO2/CO3/CO4'),
('12CS351CV', 'CD001', '14B81A05R9', 'CO1/CO2/CO3/CO4'),
('12CS351CV', 'CD002', '14B81A05R9', 'CO1/CO2/CO3/CO4'),
('12CS352CV', 'NS001', '14B81A05R9', 'CO1/CO2/CO3/CO4'),
('12CS352CV', 'NS002', '14B81A05R9', 'CO1/CO2/CO3/CO4'),
('12CS355CV', 'WN001', '14B81A05R9', 'CO1/CO2/CO3/CO4'),
('12CS355CV', 'WN002', '14B81A05R9', 'CO1/CO2/CO3/CO4'),
('12EC353CV', 'MPMC001', '14B81A05R9', 'CO1/CO2/CO3/CO4'),
('12EC353CV', 'MPMC002', '14B81A05R9', 'CO1/CO2/CO3/CO4'),
('12IT351CV', 'WT001', '14B81A05R9', 'CO1/CO2/CO3/CO4'),
('12IT351CV', 'WT002', '14B81A05R9', 'CO1/CO2/CO3/CO4'),
('12CS302CV', 'CG001', '14B81A05R0', 'CO1/CO2/CO3'),
('12CS302CV', 'CG002', '14B81A05R0', 'CO1/CO2/CO3'),
('12CS351CV', 'CD001', '14B81A05R0', 'CO1/CO2/CO3'),
('12CS351CV', 'CD002', '14B81A05R0', 'CO1/CO2/CO3'),
('12CS352CV', 'NS001', '14B81A05R0', 'CO1/CO2/CO3'),
('12CS352CV', 'NS002', '14B81A05R0', 'CO1/CO2/CO3'),
('12CS355CV', 'WN001', '14B81A05R0', 'CO2/CO3/CO4'),
('12CS355CV', 'WN002', '14B81A05R0', 'CO2/CO3/CO4'),
('12EC353CV', 'MPMC001', '14B81A05R0', 'CO2/CO3/CO4'),
('12EC353CV', 'MPMC002', '14B81A05R0', 'CO2/CO3/CO4'),
('12IT351CV', 'WT001', '14B81A05R0', 'CO2/CO3/CO4'),
('12IT351CV', 'WT002', '14B81A05R0', 'CO2/CO3/CO4'),
('12CS302CV', 'CG001', '14B81A05T3', 'CO1/CO2/CO3'),
('12CS302CV', 'CG002', '14B81A05T3', 'CO1/CO2/CO3'),
('12CS351CV', 'CD001', '14B81A05T3', 'CO1/CO2/CO3'),
('12CS351CV', 'CD002', '14B81A05T3', 'CO1/CO2/CO3'),
('12CS352CV', 'NS001', '14B81A05T3', 'CO1/CO2/CO3'),
('12CS352CV', 'NS002', '14B81A05T3', 'CO1/CO2/CO3'),
('12CS355CV', 'WN001', '14B81A05T3', 'CO2/CO3/CO4'),
('12CS355CV', 'WN002', '14B81A05T3', 'CO2/CO3/CO4'),
('12EC353CV', 'MPMC001', '14B81A05T3', 'CO2/CO3/CO4'),
('12EC353CV', 'MPMC002', '14B81A05T3', 'CO2/CO3/CO4'),
('12IT351CV', 'WT001', '14B81A05T3', 'CO2/CO3/CO4'),
('12IT351CV', 'WT002', '14B81A05T3', 'CO2/CO3/CO4'),
('12CS302CV', 'CG001', '14B81A05S5', 'CO1/CO2/CO3'),
('12CS302CV', 'CG002', '14B81A05S5', 'CO1/CO2/CO3'),
('12CS351CV', 'CD001', '14B81A05S5', 'CO1/CO2/CO3'),
('12CS351CV', 'CD002', '14B81A05S5', 'CO1/CO2/CO3'),
('12CS352CV', 'NS001', '14B81A05S5', 'CO1/CO2/CO3'),
('12CS352CV', 'NS002', '14B81A05S5', 'CO1/CO2/CO3'),
('12CS355CV', 'WN001', '14B81A05S5', 'CO2/CO3/CO4'),
('12CS355CV', 'WN002', '14B81A05S5', 'CO2/CO3/CO4'),
('12EC353CV', 'MPMC001', '14B81A05S5', 'CO2/CO3/CO4'),
('12EC353CV', 'MPMC002', '14B81A05S5', 'CO2/CO3/CO4'),
('12IT351CV', 'WT001', '14B81A05S5', 'CO2/CO3/CO4'),
('12IT351CV', 'WT002', '14B81A05S5', 'CO2/CO3/CO4'),
('12CS302CV', 'CG001', '14B81A05S4', 'CO1/CO2/CO3'),
('12CS302CV', 'CG002', '14B81A05S4', 'CO1/CO2/CO3'),
('12CS351CV', 'CD001', '14B81A05S4', 'CO1/CO2/CO3'),
('12CS351CV', 'CD002', '14B81A05S4', 'CO1/CO2/CO3'),
('12CS352CV', 'NS001', '14B81A05S4', 'CO1/CO2/CO3'),
('12CS352CV', 'NS002', '14B81A05S4', 'CO1/CO2/CO3'),
('12CS355CV', 'WN001', '14B81A05S4', 'CO2/CO3/CO4'),
('12CS355CV', 'WN002', '14B81A05S4', 'CO2/CO3/CO4'),
('12EC353CV', 'MPMC001', '14B81A05S4', 'CO2/CO3/CO4'),
('12EC353CV', 'MPMC002', '14B81A05S4', 'CO2/CO3/CO4'),
('12IT351CV', 'WT001', '14B81A05S4', 'CO2/CO3/CO4'),
('12IT351CV', 'WT002', '14B81A05S4', 'CO2/CO3/CO4'),
('12CS302CV', 'CG001', '14B81A05S0', 'CO1/CO2/CO3'),
('12CS302CV', 'CG002', '14B81A05S0', 'CO1/CO2/CO3'),
('12CS351CV', 'CD001', '14B81A05S0', 'CO1/CO2/CO3'),
('12CS351CV', 'CD002', '14B81A05S0', 'CO1/CO2/CO3'),
('12CS352CV', 'NS001', '14B81A05S0', 'CO1/CO2/CO3'),
('12CS352CV', 'NS002', '14B81A05S0', 'CO1/CO2/CO3'),
('12CS355CV', 'WN001', '14B81A05S0', 'CO2/CO3/CO4'),
('12CS355CV', 'WN002', '14B81A05S0', 'CO2/CO3/CO4'),
('12EC353CV', 'MPMC001', '14B81A05S0', 'CO2/CO3/CO4'),
('12EC353CV', 'MPMC002', '14B81A05S0', 'CO2/CO3/CO4'),
('12IT351CV', 'WT001', '14B81A05S0', 'CO2/CO3/CO4'),
('12IT351CV', 'WT002', '14B81A05S0', 'CO2/CO3/CO4'),
('12CS302CV', 'CG001', '14B81A05R3', 'CO1/CO2/CO3'),
('12CS302CV', 'CG002', '14B81A05R3', 'CO1/CO2/CO3'),
('12CS351CV', 'CD001', '14B81A05R3', 'CO1/CO2/CO3'),
('12CS351CV', 'CD002', '14B81A05R3', 'CO1/CO2/CO3'),
('12CS352CV', 'NS001', '14B81A05R3', 'CO1/CO2/CO3'),
('12CS352CV', 'NS002', '14B81A05R3', 'CO1/CO2/CO3'),
('12CS355CV', 'WN001', '14B81A05R3', 'CO2/CO3/CO4'),
('12CS355CV', 'WN002', '14B81A05R3', 'CO2/CO3/CO4'),
('12EC353CV', 'MPMC001', '14B81A05R3', 'CO2/CO3/CO4'),
('12EC353CV', 'MPMC002', '14B81A05R3', 'CO2/CO3/CO4'),
('12IT351CV', 'WT001', '14B81A05R3', 'CO2/CO3/CO4'),
('12IT351CV', 'WT002', '14B81A05R3', 'CO2/CO3/CO4'),
('12CS302CV', 'CG001', '14B81A05R1', 'CO1/CO2/CO3'),
('12CS302CV', 'CG002', '14B81A05R1', 'CO2/CO3'),
('12CS351CV', 'CD001', '14B81A05R1', 'CO2/CO3'),
('12CS351CV', 'CD002', '14B81A05R1', 'CO1/CO2/CO3'),
('12CS352CV', 'NS001', '14B81A05R1', 'CO1/CO2/CO3'),
('12CS352CV', 'NS002', '14B81A05R1', 'CO1/CO2'),
('12CS355CV', 'WN001', '14B81A05R1', 'CO2/CO3'),
('12CS355CV', 'WN002', '14B81A05R1', 'CO2/CO3/CO4'),
('12EC353CV', 'MPMC001', '14B81A05R1', 'CO2/CO3'),
('12EC353CV', 'MPMC002', '14B81A05R1', 'CO2/CO4'),
('12IT351CV', 'WT001', '14B81A05R1', 'CO2/CO4'),
('12IT351CV', 'WT002', '14B81A05R1', 'CO2/CO3/CO4'),
('12CS302CV', 'CG001', '14B81A05Q5', 'CO1/CO2/CO3'),
('12CS302CV', 'CG002', '14B81A05Q5', 'CO2/CO3'),
('12CS351CV', 'CD001', '14B81A05Q5', 'CO2/CO3'),
('12CS351CV', 'CD002', '14B81A05Q5', 'CO1/CO2/CO3'),
('12CS352CV', 'NS001', '14B81A05Q5', 'CO1/CO2/CO3'),
('12CS352CV', 'NS002', '14B81A05Q5', 'CO1/CO2'),
('12CS355CV', 'WN001', '14B81A05Q5', 'CO2/CO3'),
('12CS355CV', 'WN002', '14B81A05Q5', 'CO2/CO3/CO4'),
('12EC353CV', 'MPMC001', '14B81A05Q5', 'CO2/CO3'),
('12EC353CV', 'MPMC002', '14B81A05Q5', 'CO2/CO4'),
('12IT351CV', 'WT001', '14B81A05Q5', 'CO2/CO4'),
('12IT351CV', 'WT002', '14B81A05Q5', 'CO2/CO3/CO4'),
('12CS302CV', 'CG001', '14B81A05Q9', 'CO1/CO2/CO3'),
('12CS302CV', 'CG002', '14B81A05Q9', 'CO2/CO3'),
('12CS351CV', 'CD001', '14B81A05Q9', 'CO2/CO3'),
('12CS351CV', 'CD002', '14B81A05Q9', 'CO1/CO2/CO3'),
('12CS352CV', 'NS001', '14B81A05Q9', 'CO1/CO2/CO3'),
('12CS352CV', 'NS002', '14B81A05Q9', 'CO1/CO2'),
('12CS355CV', 'WN001', '14B81A05Q9', 'CO2/CO3'),
('12CS355CV', 'WN002', '14B81A05Q9', 'CO2/CO3/CO4'),
('12EC353CV', 'MPMC001', '14B81A05Q9', 'CO2/CO3'),
('12EC353CV', 'MPMC002', '14B81A05Q9', 'CO2/CO4'),
('12IT351CV', 'WT001', '14B81A05Q9', 'CO2/CO4'),
('12IT351CV', 'WT002', '14B81A05Q9', 'CO2/CO3/CO4'),
('12CS302CV', 'CG001', '14B81A05Q6', 'CO1/CO2/CO3'),
('12CS302CV', 'CG002', '14B81A05Q6', 'CO2/CO3'),
('12CS351CV', 'CD001', '14B81A05Q6', 'CO2/CO3'),
('12CS351CV', 'CD002', '14B81A05Q6', 'CO1/CO2/CO3'),
('12CS352CV', 'NS001', '14B81A05Q6', 'CO1/CO2/CO3'),
('12CS352CV', 'NS002', '14B81A05Q6', 'CO1/CO2'),
('12CS355CV', 'WN001', '14B81A05Q6', 'CO2/CO3'),
('12CS355CV', 'WN002', '14B81A05Q6', 'CO2/CO3/CO4'),
('12EC353CV', 'MPMC001', '14B81A05Q6', 'CO2/CO3'),
('12EC353CV', 'MPMC002', '14B81A05Q6', 'CO2/CO4'),
('12IT351CV', 'WT001', '14B81A05Q6', 'CO2/CO4'),
('12IT351CV', 'WT002', '14B81A05Q6', 'CO2/CO3/CO4'),
('12CS302CV', 'CG001', '14B81A05U3', 'CO1/CO2/CO3'),
('12CS302CV', 'CG002', '14B81A05U3', 'CO2/CO3'),
('12CS351CV', 'CD001', '14B81A05U3', 'CO2/CO3'),
('12CS351CV', 'CD002', '14B81A05U3', 'CO1/CO2/CO3'),
('12CS352CV', 'NS001', '14B81A05U3', 'CO1/CO2/CO3'),
('12CS352CV', 'NS002', '14B81A05U3', 'CO1/CO2'),
('12CS355CV', 'WN001', '14B81A05U3', 'CO2/CO3'),
('12CS355CV', 'WN002', '14B81A05U3', 'CO2/CO3/CO4'),
('12EC353CV', 'MPMC001', '14B81A05U3', 'CO2/CO3'),
('12EC353CV', 'MPMC002', '14B81A05U3', 'CO2/CO4'),
('12IT351CV', 'WT001', '14B81A05U3', 'CO2/CO4'),
('12IT351CV', 'WT002', '14B81A05U3', 'CO2/CO3/CO4'),
('12CS302CV', 'CG001', '14B81A05U1', 'CO1/CO2/CO3'),
('12CS302CV', 'CG002', '14B81A05U1', 'CO2/CO3'),
('12CS351CV', 'CD001', '14B81A05U1', 'CO2/CO3'),
('12CS351CV', 'CD002', '14B81A05U1', 'CO1/CO2/CO3'),
('12CS352CV', 'NS001', '14B81A05U1', 'CO1/CO2/CO3'),
('12CS352CV', 'NS002', '14B81A05U1', 'CO1/CO2'),
('12CS355CV', 'WN001', '14B81A05U1', 'CO2/CO3'),
('12CS355CV', 'WN002', '14B81A05U1', 'CO2/CO3/CO4'),
('12EC353CV', 'MPMC001', '14B81A05U1', 'CO2/CO3'),
('12EC353CV', 'MPMC002', '14B81A05U1', 'CO2/CO4'),
('12IT351CV', 'WT001', '14B81A05U1', 'CO2/CO4'),
('12IT351CV', 'WT002', '14B81A05U1', 'CO2/CO3/CO4'),
('12CS302CV', 'CG001', '14B81A05U0', 'CO1/CO2/CO3'),
('12CS302CV', 'CG002', '14B81A05U0', 'CO2/CO3'),
('12CS351CV', 'CD001', '14B81A05U0', 'CO2/CO3'),
('12CS351CV', 'CD002', '14B81A05U0', 'CO1/CO2/CO3'),
('12CS352CV', 'NS001', '14B81A05U0', 'CO1/CO2/CO3'),
('12CS352CV', 'NS002', '14B81A05U0', 'CO1/CO2'),
('12CS355CV', 'WN001', '14B81A05U0', 'CO2/CO3'),
('12CS355CV', 'WN002', '14B81A05U0', 'CO2/CO3/CO4'),
('12EC353CV', 'MPMC001', '14B81A05U0', 'CO2/CO3'),
('12EC353CV', 'MPMC002', '14B81A05U0', 'CO2/CO4'),
('12IT351CV', 'WT001', '14B81A05U0', 'CO2/CO4'),
('12IT351CV', 'WT002', '14B81A05U0', 'CO2/CO3/CO4'),
('12CS302CV', 'CG001', '14B81A05S7', 'CO1/CO2/CO3'),
('12CS302CV', 'CG002', '14B81A05S7', 'CO2/CO3'),
('12CS351CV', 'CD001', '14B81A05S7', 'CO2/CO3'),
('12CS351CV', 'CD002', '14B81A05S7', 'CO1/CO2/CO3'),
('12CS352CV', 'NS001', '14B81A05S7', 'CO1/CO2/CO3'),
('12CS352CV', 'NS002', '14B81A05S7', 'CO1/CO2'),
('12CS355CV', 'WN001', '14B81A05S7', 'CO2/CO3'),
('12CS355CV', 'WN002', '14B81A05S7', 'CO2/CO3/CO4'),
('12EC353CV', 'MPMC001', '14B81A05S7', 'CO2/CO3'),
('12EC353CV', 'MPMC002', '14B81A05S7', 'CO2/CO4'),
('12IT351CV', 'WT001', '14B81A05S7', 'CO2/CO4'),
('12IT351CV', 'WT002', '14B81A05S7', 'CO2/CO3/CO4'),
('12CS302CV', 'CG001', '14B81A05S9', 'CO1/CO3'),
('12CS302CV', 'CG002', '14B81A05S9', 'CO3'),
('12CS351CV', 'CD001', '14B81A05S9', 'CO2/CO3'),
('12CS351CV', 'CD002', '14B81A05S9', 'CO2/CO3'),
('12CS352CV', 'NS001', '14B81A05S9', 'CO1/CO3'),
('12CS352CV', 'NS002', '14B81A05S9', 'CO1/CO2'),
('12CS355CV', 'WN001', '14B81A05S9', 'CO2/CO3'),
('12CS355CV', 'WN002', '14B81A05S9', 'CO2'),
('12EC353CV', 'MPMC001', '14B81A05S9', 'CO2/CO3'),
('12EC353CV', 'MPMC002', '14B81A05S9', 'CO2/CO4'),
('12IT351CV', 'WT001', '14B81A05S9', 'CO2/CO4'),
('12IT351CV', 'WT002', '14B81A05S9', 'CO3/CO4'),
('12CS302CV', 'CG001', '14B81A05T6', 'CO1/CO3'),
('12CS302CV', 'CG002', '14B81A05T6', 'CO3'),
('12CS351CV', 'CD001', '14B81A05T6', 'CO2/CO3'),
('12CS351CV', 'CD002', '14B81A05T6', 'CO2/CO3'),
('12CS352CV', 'NS001', '14B81A05T6', 'CO1/CO3'),
('12CS352CV', 'NS002', '14B81A05T6', 'CO1/CO2'),
('12CS355CV', 'WN001', '14B81A05T6', 'CO2/CO3'),
('12CS355CV', 'WN002', '14B81A05T6', 'CO2'),
('12EC353CV', 'MPMC001', '14B81A05T6', 'CO2/CO3'),
('12EC353CV', 'MPMC002', '14B81A05T6', 'CO2/CO4'),
('12IT351CV', 'WT001', '14B81A05T6', 'CO2/CO4'),
('12IT351CV', 'WT002', '14B81A05T6', 'CO3/CO4'),
('12CS302CV', 'CG001', '14B81A05T5', 'CO1/CO3'),
('12CS302CV', 'CG002', '14B81A05T5', 'CO3'),
('12CS351CV', 'CD001', '14B81A05T5', 'CO2/CO3'),
('12CS351CV', 'CD002', '14B81A05T5', 'CO2/CO3'),
('12CS352CV', 'NS001', '14B81A05T5', 'CO1/CO3'),
('12CS352CV', 'NS002', '14B81A05T5', 'CO1/CO2'),
('12CS355CV', 'WN001', '14B81A05T5', 'CO2/CO3'),
('12CS355CV', 'WN002', '14B81A05T5', 'CO2'),
('12EC353CV', 'MPMC001', '14B81A05T5', 'CO2/CO3'),
('12EC353CV', 'MPMC002', '14B81A05T5', 'CO2/CO4'),
('12IT351CV', 'WT001', '14B81A05T5', 'CO2/CO4'),
('12IT351CV', 'WT002', '14B81A05T5', 'CO3/CO4'),
('12CS302CV', 'CG001', '14B81A05T8', 'CO1/CO3'),
('12CS302CV', 'CG002', '14B81A05T8', 'CO3'),
('12CS351CV', 'CD001', '14B81A05T8', 'CO2/CO3'),
('12CS351CV', 'CD002', '14B81A05T8', 'CO2/CO3'),
('12CS352CV', 'NS001', '14B81A05T8', 'CO1/CO3'),
('12CS352CV', 'NS002', '14B81A05T8', 'CO1/CO2'),
('12CS355CV', 'WN001', '14B81A05T8', 'CO2/CO3'),
('12CS355CV', 'WN002', '14B81A05T8', 'CO2'),
('12EC353CV', 'MPMC001', '14B81A05T8', 'CO2/CO3'),
('12EC353CV', 'MPMC002', '14B81A05T8', 'CO2/CO4'),
('12IT351CV', 'WT001', '14B81A05T8', 'CO2/CO4'),
('12IT351CV', 'WT002', '14B81A05T8', 'CO3/CO4'),
('12CS302CV', 'CG001', '14B81A05S3', 'CO1/CO3'),
('12CS302CV', 'CG002', '14B81A05S3', 'CO3'),
('12CS351CV', 'CD001', '14B81A05S3', 'CO2/CO3'),
('12CS351CV', 'CD002', '14B81A05S3', 'CO2/CO3'),
('12CS352CV', 'NS001', '14B81A05S3', 'CO1/CO3'),
('12CS352CV', 'NS002', '14B81A05S3', 'CO1/CO2'),
('12CS355CV', 'WN001', '14B81A05S3', 'CO2/CO3'),
('12CS355CV', 'WN002', '14B81A05S3', 'CO2'),
('12EC353CV', 'MPMC001', '14B81A05S3', 'CO2/CO3'),
('12EC353CV', 'MPMC002', '14B81A05S3', 'CO2/CO4'),
('12IT351CV', 'WT001', '14B81A05S3', 'CO2/CO4'),
('12IT351CV', 'WT002', '14B81A05S3', 'CO3/CO4'),
('12CS302CV', 'CG001', '14B81A05R4', 'CO1/CO3'),
('12CS302CV', 'CG002', '14B81A05R4', 'CO3'),
('12CS351CV', 'CD001', '14B81A05R4', 'CO2/CO3'),
('12CS351CV', 'CD002', '14B81A05R4', 'CO2/CO3'),
('12CS352CV', 'NS001', '14B81A05R4', 'CO1/CO3'),
('12CS352CV', 'NS002', '14B81A05R4', 'CO1/CO2'),
('12CS355CV', 'WN001', '14B81A05R4', 'CO2/CO3'),
('12CS355CV', 'WN002', '14B81A05R4', 'CO2'),
('12EC353CV', 'MPMC001', '14B81A05R4', 'CO2/CO3'),
('12EC353CV', 'MPMC002', '14B81A05R4', 'CO2/CO4'),
('12IT351CV', 'WT001', '14B81A05R4', 'CO2/CO4'),
('12IT351CV', 'WT002', '14B81A05R4', 'CO3/CO4'),
('12CS302CV', 'CG001', '14B81A05V2', 'CO1/CO3'),
('12CS302CV', 'CG002', '14B81A05V2', 'CO3'),
('12CS351CV', 'CD001', '14B81A05V2', 'CO2/CO3'),
('12CS351CV', 'CD002', '14B81A05V2', 'CO2/CO3'),
('12CS352CV', 'NS001', '14B81A05V2', 'CO1/CO3'),
('12CS352CV', 'NS002', '14B81A05V2', 'CO1/CO2'),
('12CS355CV', 'WN001', '14B81A05V2', 'CO2/CO3'),
('12CS355CV', 'WN002', '14B81A05V2', 'CO2'),
('12EC353CV', 'MPMC001', '14B81A05V2', 'CO2/CO3'),
('12EC353CV', 'MPMC002', '14B81A05V2', 'CO2/CO4'),
('12IT351CV', 'WT001', '14B81A05V2', 'CO2/CO4'),
('12IT351CV', 'WT002', '14B81A05V2', 'CO3/CO4'),
('12CS302CV', 'CG001', '14B81A05V3', 'CO1/CO3'),
('12CS302CV', 'CG002', '14B81A05V3', 'CO3'),
('12CS351CV', 'CD001', '14B81A05V3', 'CO2/CO3'),
('12CS351CV', 'CD002', '14B81A05V3', 'CO2/CO3'),
('12CS352CV', 'NS001', '14B81A05V3', 'CO1/CO3'),
('12CS352CV', 'NS002', '14B81A05V3', 'CO1/CO2'),
('12CS355CV', 'WN001', '14B81A05V3', 'CO2/CO3'),
('12CS355CV', 'WN002', '14B81A05V3', 'CO2'),
('12EC353CV', 'MPMC001', '14B81A05V3', 'CO2/CO3'),
('12EC353CV', 'MPMC002', '14B81A05V3', 'CO2/CO4'),
('12IT351CV', 'WT001', '14B81A05V3', 'CO2/CO4'),
('12IT351CV', 'WT002', '14B81A05V3', 'CO3/CO4'),
('12CS302CV', 'CG001', '14B81A05V4', 'CO1/CO3'),
('12CS302CV', 'CG002', '14B81A05V4', 'CO3'),
('12CS351CV', 'CD001', '14B81A05V4', 'CO2/CO3'),
('12CS351CV', 'CD002', '14B81A05V4', 'CO2/CO3'),
('12CS352CV', 'NS001', '14B81A05V4', 'CO1/CO3'),
('12CS352CV', 'NS002', '14B81A05V4', 'CO1/CO2'),
('12CS355CV', 'WN001', '14B81A05V4', 'CO2/CO3'),
('12CS355CV', 'WN002', '14B81A05V4', 'CO2'),
('12EC353CV', 'MPMC001', '14B81A05V4', 'CO2/CO3'),
('12EC353CV', 'MPMC002', '14B81A05V4', 'CO2/CO4'),
('12IT351CV', 'WT001', '14B81A05V4', 'CO2/CO4'),
('12IT351CV', 'WT002', '14B81A05V4', 'CO3/CO4'),
('12CS302CV', 'CG001', '14B81A05V6', 'CO1'),
('12CS302CV', 'CG002', '14B81A05V6', 'CO3'),
('12CS351CV', 'CD001', '14B81A05V6', 'CO3'),
('12CS351CV', 'CD002', '14B81A05V6', 'CO2/CO3'),
('12CS352CV', 'NS001', '14B81A05V6', 'CO1/CO3'),
('12CS352CV', 'NS002', '14B81A05V6', 'CO2'),
('12CS355CV', 'WN001', '14B81A05V6', 'CO2/CO3'),
('12CS355CV', 'WN002', '14B81A05V6', 'CO2'),
('12EC353CV', 'MPMC001', '14B81A05V6', 'CO2'),
('12EC353CV', 'MPMC002', '14B81A05V6', 'CO4'),
('12IT351CV', 'WT001', '14B81A05V6', 'CO2'),
('12IT351CV', 'WT002', '14B81A05V6', 'CO4'),
('12CS302CV', 'CG001', '14B81A05V7', 'CO1'),
('12CS302CV', 'CG002', '14B81A05V7', 'CO3'),
('12CS351CV', 'CD001', '14B81A05V7', 'CO3'),
('12CS351CV', 'CD002', '14B81A05V7', 'CO2/CO3'),
('12CS352CV', 'NS001', '14B81A05V7', 'CO1/CO3'),
('12CS352CV', 'NS002', '14B81A05V7', 'CO2'),
('12CS355CV', 'WN001', '14B81A05V7', 'CO2/CO3'),
('12CS355CV', 'WN002', '14B81A05V7', 'CO2'),
('12EC353CV', 'MPMC001', '14B81A05V7', 'CO2'),
('12EC353CV', 'MPMC002', '14B81A05V7', 'CO4'),
('12IT351CV', 'WT001', '14B81A05V7', 'CO2'),
('12IT351CV', 'WT002', '14B81A05V7', 'CO4'),
('12CS302CV', 'CG001', '14B81A05V8', 'CO1'),
('12CS302CV', 'CG002', '14B81A05V8', 'CO3'),
('12CS351CV', 'CD001', '14B81A05V8', 'CO3'),
('12CS351CV', 'CD002', '14B81A05V8', 'CO2/CO3'),
('12CS352CV', 'NS001', '14B81A05V8', 'CO1/CO3'),
('12CS352CV', 'NS002', '14B81A05V8', 'CO2'),
('12CS355CV', 'WN001', '14B81A05V8', 'CO2/CO3'),
('12CS355CV', 'WN002', '14B81A05V8', 'CO2'),
('12EC353CV', 'MPMC001', '14B81A05V8', 'CO2'),
('12EC353CV', 'MPMC002', '14B81A05V8', 'CO4'),
('12IT351CV', 'WT001', '14B81A05V8', 'CO2'),
('12IT351CV', 'WT002', '14B81A05V8', 'CO4'),
('12CS302CV', 'CG001', '14B81A05W0', ''),
('12CS302CV', 'CG002', '14B81A05W0', ''),
('12CS351CV', 'CD001', '14B81A05W0', ''),
('12CS351CV', 'CD002', '14B81A05W0', 'CO3'),
('12CS352CV', 'NS001', '14B81A05W0', 'CO3'),
('12CS352CV', 'NS002', '14B81A05W0', 'CO2'),
('12CS355CV', 'WN001', '14B81A05W0', 'CO2/CO3'),
('12CS355CV', 'WN002', '14B81A05W0', ''),
('12EC353CV', 'MPMC001', '14B81A05W0', 'CO2'),
('12EC353CV', 'MPMC002', '14B81A05W0', 'CO4'),
('12IT351CV', 'WT001', '14B81A05W0', ''),
('12IT351CV', 'WT002', '14B81A05W0', 'CO4'),
('12CS302CV', 'CG001', '14B81A05Q1', ''),
('12CS302CV', 'CG002', '14B81A05Q1', ''),
('12CS351CV', 'CD001', '14B81A05Q1', ''),
('12CS351CV', 'CD002', '14B81A05Q1', 'CO3'),
('12CS352CV', 'NS001', '14B81A05Q1', 'CO3'),
('12CS352CV', 'NS002', '14B81A05Q1', 'CO2'),
('12CS355CV', 'WN001', '14B81A05Q1', 'CO2/CO3'),
('12CS355CV', 'WN002', '14B81A05Q1', ''),
('12EC353CV', 'MPMC001', '14B81A05Q1', 'CO2'),
('12EC353CV', 'MPMC002', '14B81A05Q1', 'CO4'),
('12IT351CV', 'WT001', '14B81A05Q1', ''),
('12IT351CV', 'WT002', '14B81A05Q1', 'CO4'),
('12CS302CV', 'CG001', '14B81A05Q2', ''),
('12CS302CV', 'CG002', '14B81A05Q2', ''),
('12CS351CV', 'CD001', '14B81A05Q2', ''),
('12CS351CV', 'CD002', '14B81A05Q2', 'CO3'),
('12CS352CV', 'NS001', '14B81A05Q2', 'CO3'),
('12CS352CV', 'NS002', '14B81A05Q2', 'CO2'),
('12CS355CV', 'WN001', '14B81A05Q2', 'CO2/CO3'),
('12CS355CV', 'WN002', '14B81A05Q2', ''),
('12EC353CV', 'MPMC001', '14B81A05Q2', 'CO2'),
('12EC353CV', 'MPMC002', '14B81A05Q2', 'CO4'),
('12IT351CV', 'WT001', '14B81A05Q2', ''),
('12IT351CV', 'WT002', '14B81A05Q2', 'CO4'),
('12CS302CV', 'CG001', '14B81A05Q3', ''),
('12CS302CV', 'CG002', '14B81A05Q3', ''),
('12CS351CV', 'CD001', '14B81A05Q3', ''),
('12CS351CV', 'CD002', '14B81A05Q3', 'CO3'),
('12CS352CV', 'NS001', '14B81A05Q3', 'CO3'),
('12CS352CV', 'NS002', '14B81A05Q3', 'CO2'),
('12CS355CV', 'WN001', '14B81A05Q3', 'CO2/CO3'),
('12CS355CV', 'WN002', '14B81A05Q3', ''),
('12EC353CV', 'MPMC001', '14B81A05Q3', 'CO2'),
('12EC353CV', 'MPMC002', '14B81A05Q3', 'CO4'),
('12IT351CV', 'WT001', '14B81A05Q3', ''),
('12IT351CV', 'WT002', '14B81A05Q3', 'CO4'),
('12CS302CV', 'CG001', '14B81A05Q8', ''),
('12CS302CV', 'CG002', '14B81A05Q8', ''),
('12CS351CV', 'CD001', '14B81A05Q8', ''),
('12CS351CV', 'CD002', '14B81A05Q8', 'CO3'),
('12CS352CV', 'NS001', '14B81A05Q8', 'CO3'),
('12CS352CV', 'NS002', '14B81A05Q8', 'CO2'),
('12CS355CV', 'WN001', '14B81A05Q8', 'CO2/CO3'),
('12CS355CV', 'WN002', '14B81A05Q8', ''),
('12EC353CV', 'MPMC001', '14B81A05Q8', 'CO2'),
('12EC353CV', 'MPMC002', '14B81A05Q8', 'CO4'),
('12IT351CV', 'WT001', '14B81A05Q8', ''),
('12IT351CV', 'WT002', '14B81A05Q8', 'CO4'),
('12EC381CV', 'MPMC_INT', '14B81A05Q1', ''),
('12EC381CV', 'MPMC_EXT', '14B81A05Q1', ''),
('12IT383CV', 'WT_INT', '14B81A05Q1', ''),
('12IT383CV', 'WT_EXT', '14B81A05Q1', ''),
('12MT381CV', 'QA_INT', '14B81A05Q1', ''),
('12MT381CV', 'QA_EXT', '14B81A05Q1', ''),
('12EC381CV', 'MPMC_INT', '14B81A05Q2', ''),
('12EC381CV', 'MPMC_EXT', '14B81A05Q2', ''),
('12IT383CV', 'WT_INT', '14B81A05Q2', ''),
('12IT383CV', 'WT_EXT', '14B81A05Q2', ''),
('12MT381CV', 'QA_INT', '14B81A05Q2', ''),
('12MT381CV', 'QA_EXT', '14B81A05Q2', ''),
('12EC381CV', 'MPMC_INT', '14B81A05Q3', ''),
('12EC381CV', 'MPMC_EXT', '14B81A05Q3', ''),
('12IT383CV', 'WT_INT', '14B81A05Q3', ''),
('12IT383CV', 'WT_EXT', '14B81A05Q3', ''),
('12MT381CV', 'QA_INT', '14B81A05Q3', ''),
('12MT381CV', 'QA_EXT', '14B81A05Q3', ''),
('12EC381CV', 'MPMC_INT', '14B81A05Q5', ''),
('12EC381CV', 'MPMC_EXT', '14B81A05Q5', ''),
('12IT383CV', 'WT_INT', '14B81A05Q5', ''),
('12IT383CV', 'WT_EXT', '14B81A05Q5', ''),
('12MT381CV', 'QA_INT', '14B81A05Q5', ''),
('12MT381CV', 'QA_EXT', '14B81A05Q5', ''),
('12EC381CV', 'MPMC_INT', '14B81A05Q6', ''),
('12EC381CV', 'MPMC_EXT', '14B81A05Q6', ''),
('12IT383CV', 'WT_INT', '14B81A05Q6', ''),
('12IT383CV', 'WT_EXT', '14B81A05Q6', ''),
('12MT381CV', 'QA_INT', '14B81A05Q6', ''),
('12MT381CV', 'QA_EXT', '14B81A05Q6', ''),
('12EC381CV', 'MPMC_INT', '14B81A05Q9', ''),
('12EC381CV', 'MPMC_EXT', '14B81A05Q9', ''),
('12IT383CV', 'WT_INT', '14B81A05Q9', ''),
('12IT383CV', 'WT_EXT', '14B81A05Q9', ''),
('12MT381CV', 'QA_INT', '14B81A05Q9', ''),
('12MT381CV', 'QA_EXT', '14B81A05Q9', ''),
('12EC381CV', 'MPMC_INT', '14B81A05R0', ''),
('12EC381CV', 'MPMC_EXT', '14B81A05R0', ''),
('12IT383CV', 'WT_INT', '14B81A05R0', ''),
('12IT383CV', 'WT_EXT', '14B81A05R0', ''),
('12MT381CV', 'QA_INT', '14B81A05R0', ''),
('12MT381CV', 'QA_EXT', '14B81A05R0', ''),
('12EC381CV', 'MPMC_INT', '14B81A05R1', ''),
('12EC381CV', 'MPMC_EXT', '14B81A05R1', ''),
('12IT383CV', 'WT_INT', '14B81A05R1', ''),
('12IT383CV', 'WT_EXT', '14B81A05R1', ''),
('12MT381CV', 'QA_INT', '14B81A05R1', ''),
('12MT381CV', 'QA_EXT', '14B81A05R1', ''),
('12EC381CV', 'MPMC_INT', '14B81A05R3', ''),
('12EC381CV', 'MPMC_EXT', '14B81A05R3', ''),
('12IT383CV', 'WT_INT', '14B81A05R3', ''),
('12IT383CV', 'WT_EXT', '14B81A05R3', ''),
('12MT381CV', 'QA_INT', '14B81A05R3', ''),
('12MT381CV', 'QA_EXT', '14B81A05R3', ''),
('12EC381CV', 'MPMC_INT', '14B81A05R4', ''),
('12EC381CV', 'MPMC_EXT', '14B81A05R4', ''),
('12IT383CV', 'WT_INT', '14B81A05R4', ''),
('12IT383CV', 'WT_EXT', '14B81A05R4', ''),
('12MT381CV', 'QA_INT', '14B81A05R4', ''),
('12MT381CV', 'QA_EXT', '14B81A05R4', ''),
('12EC381CV', 'MPMC_INT', '14B81A05R9', ''),
('12EC381CV', 'MPMC_EXT', '14B81A05R9', ''),
('12IT383CV', 'WT_INT', '14B81A05R9', ''),
('12IT383CV', 'WT_EXT', '14B81A05R9', ''),
('12MT381CV', 'QA_INT', '14B81A05R9', ''),
('12MT381CV', 'QA_EXT', '14B81A05R9', ''),
('12EC381CV', 'MPMC_INT', '14B81A05R6', ''),
('12EC381CV', 'MPMC_EXT', '14B81A05R6', ''),
('12IT383CV', 'WT_INT', '14B81A05R6', ''),
('12IT383CV', 'WT_EXT', '14B81A05R6', ''),
('12MT381CV', 'QA_INT', '14B81A05R6', ''),
('12MT381CV', 'QA_EXT', '14B81A05R6', ''),
('12EC381CV', 'MPMC_INT', '14B81A05R7', ''),
('12EC381CV', 'MPMC_EXT', '14B81A05R7', ''),
('12IT383CV', 'WT_INT', '14B81A05R7', ''),
('12IT383CV', 'WT_EXT', '14B81A05R7', ''),
('12MT381CV', 'QA_INT', '14B81A05R7', ''),
('12MT381CV', 'QA_EXT', '14B81A05R7', ''),
('12EC381CV', 'MPMC_INT', '14B81A05R8', ''),
('12EC381CV', 'MPMC_EXT', '14B81A05R8', ''),
('12IT383CV', 'WT_INT', '14B81A05R8', ''),
('12IT383CV', 'WT_EXT', '14B81A05R8', ''),
('12MT381CV', 'QA_INT', '14B81A05R8', ''),
('12MT381CV', 'QA_EXT', '14B81A05R8', ''),
('12EC381CV', 'MPMC_INT', '14B81A05S0', ''),
('12EC381CV', 'MPMC_EXT', '14B81A05S0', ''),
('12IT383CV', 'WT_INT', '14B81A05S0', ''),
('12IT383CV', 'WT_EXT', '14B81A05S0', ''),
('12MT381CV', 'QA_INT', '14B81A05S0', ''),
('12MT381CV', 'QA_EXT', '14B81A05S0', ''),
('12EC381CV', 'MPMC_INT', '14B81A05S3', ''),
('12EC381CV', 'MPMC_EXT', '14B81A05S3', ''),
('12IT383CV', 'WT_INT', '14B81A05S3', ''),
('12IT383CV', 'WT_EXT', '14B81A05S3', ''),
('12MT381CV', 'QA_INT', '14B81A05S3', ''),
('12MT381CV', 'QA_EXT', '14B81A05S3', ''),
('12EC381CV', 'MPMC_INT', '14B81A05S4', ''),
('12EC381CV', 'MPMC_EXT', '14B81A05S4', ''),
('12IT383CV', 'WT_INT', '14B81A05S4', ''),
('12IT383CV', 'WT_EXT', '14B81A05S4', ''),
('12MT381CV', 'QA_INT', '14B81A05S4', ''),
('12MT381CV', 'QA_EXT', '14B81A05S4', ''),
('12EC381CV', 'MPMC_INT', '14B81A05S5', ''),
('12EC381CV', 'MPMC_EXT', '14B81A05S5', ''),
('12IT383CV', 'WT_INT', '14B81A05S5', ''),
('12IT383CV', 'WT_EXT', '14B81A05S5', ''),
('12MT381CV', 'QA_INT', '14B81A05S5', ''),
('12MT381CV', 'QA_EXT', '14B81A05S5', ''),
('12EC381CV', 'MPMC_INT', '14B81A05S9', ''),
('12EC381CV', 'MPMC_EXT', '14B81A05S9', ''),
('12IT383CV', 'WT_INT', '14B81A05S9', ''),
('12IT383CV', 'WT_EXT', '14B81A05S9', ''),
('12MT381CV', 'QA_INT', '14B81A05S9', ''),
('12MT381CV', 'QA_EXT', '14B81A05S9', ''),
('12EC381CV', 'MPMC_INT', '14B81A05S7', ''),
('12EC381CV', 'MPMC_EXT', '14B81A05S7', ''),
('12IT383CV', 'WT_INT', '14B81A05S7', ''),
('12IT383CV', 'WT_EXT', '14B81A05S7', ''),
('12MT381CV', 'QA_INT', '14B81A05S7', ''),
('12MT381CV', 'QA_EXT', '14B81A05S7', ''),
('12EC381CV', 'MPMC_INT', '14B81A05T3', ''),
('12EC381CV', 'MPMC_EXT', '14B81A05T3', ''),
('12IT383CV', 'WT_INT', '14B81A05T3', ''),
('12IT383CV', 'WT_EXT', '14B81A05T3', ''),
('12MT381CV', 'QA_INT', '14B81A05T3', ''),
('12MT381CV', 'QA_EXT', '14B81A05T3', ''),
('12EC381CV', 'MPMC_INT', '14B81A05T5', ''),
('12EC381CV', 'MPMC_EXT', '14B81A05T5', ''),
('12IT383CV', 'WT_INT', '14B81A05T5', ''),
('12IT383CV', 'WT_EXT', '14B81A05T5', ''),
('12MT381CV', 'QA_INT', '14B81A05T5', ''),
('12MT381CV', 'QA_EXT', '14B81A05T5', ''),
('12EC381CV', 'MPMC_INT', '14B81A05T6', ''),
('12EC381CV', 'MPMC_EXT', '14B81A05T6', ''),
('12IT383CV', 'WT_INT', '14B81A05T6', ''),
('12IT383CV', 'WT_EXT', '14B81A05T6', ''),
('12MT381CV', 'QA_INT', '14B81A05T6', ''),
('12MT381CV', 'QA_EXT', '14B81A05T6', ''),
('12EC381CV', 'MPMC_INT', '14B81A05T8', ''),
('12EC381CV', 'MPMC_EXT', '14B81A05T8', ''),
('12IT383CV', 'WT_INT', '14B81A05T8', ''),
('12IT383CV', 'WT_EXT', '14B81A05T8', ''),
('12MT381CV', 'QA_INT', '14B81A05T8', ''),
('12MT381CV', 'QA_EXT', '14B81A05T8', ''),
('12EC381CV', 'MPMC_INT', '14B81A05U0', ''),
('12EC381CV', 'MPMC_EXT', '14B81A05U0', ''),
('12IT383CV', 'WT_INT', '14B81A05U0', ''),
('12IT383CV', 'WT_EXT', '14B81A05U0', ''),
('12MT381CV', 'QA_INT', '14B81A05U0', ''),
('12MT381CV', 'QA_EXT', '14B81A05U0', ''),
('12EC381CV', 'MPMC_INT', '14B81A05U1', ''),
('12EC381CV', 'MPMC_EXT', '14B81A05U1', ''),
('12IT383CV', 'WT_INT', '14B81A05U1', ''),
('12IT383CV', 'WT_EXT', '14B81A05U1', ''),
('12MT381CV', 'QA_INT', '14B81A05U1', ''),
('12MT381CV', 'QA_EXT', '14B81A05U1', ''),
('12EC381CV', 'MPMC_INT', '14B81A05U2', ''),
('12EC381CV', 'MPMC_EXT', '14B81A05U2', ''),
('12IT383CV', 'WT_INT', '14B81A05U2', ''),
('12IT383CV', 'WT_EXT', '14B81A05U2', ''),
('12MT381CV', 'QA_INT', '14B81A05U2', ''),
('12MT381CV', 'QA_EXT', '14B81A05U2', ''),
('12EC381CV', 'MPMC_INT', '14B81A05U7', ''),
('12EC381CV', 'MPMC_EXT', '14B81A05U7', ''),
('12IT383CV', 'WT_INT', '14B81A05U7', ''),
('12IT383CV', 'WT_EXT', '14B81A05U7', ''),
('12MT381CV', 'QA_INT', '14B81A05U7', ''),
('12MT381CV', 'QA_EXT', '14B81A05U7', ''),
('12EC381CV', 'MPMC_INT', '14B81A05U3', ''),
('12EC381CV', 'MPMC_EXT', '14B81A05U3', ''),
('12IT383CV', 'WT_INT', '14B81A05U3', ''),
('12IT383CV', 'WT_EXT', '14B81A05U3', ''),
('12MT381CV', 'QA_INT', '14B81A05U3', ''),
('12MT381CV', 'QA_EXT', '14B81A05U3', ''),
('12EC381CV', 'MPMC_INT', '14B81A05V0', ''),
('12EC381CV', 'MPMC_EXT', '14B81A05V0', ''),
('12IT383CV', 'WT_INT', '14B81A05V0', ''),
('12IT383CV', 'WT_EXT', '14B81A05V0', ''),
('12MT381CV', 'QA_INT', '14B81A05V0', ''),
('12MT381CV', 'QA_EXT', '14B81A05V0', ''),
('12EC381CV', 'MPMC_INT', '14B81A05V2', ''),
('12EC381CV', 'MPMC_EXT', '14B81A05V2', ''),
('12IT383CV', 'WT_INT', '14B81A05V2', ''),
('12IT383CV', 'WT_EXT', '14B81A05V2', ''),
('12MT381CV', 'QA_INT', '14B81A05V2', ''),
('12MT381CV', 'QA_EXT', '14B81A05V2', ''),
('12EC381CV', 'MPMC_INT', '14B81A05V3', ''),
('12EC381CV', 'MPMC_EXT', '14B81A05V3', ''),
('12IT383CV', 'WT_INT', '14B81A05V3', ''),
('12IT383CV', 'WT_EXT', '14B81A05V3', ''),
('12MT381CV', 'QA_INT', '14B81A05V3', ''),
('12MT381CV', 'QA_EXT', '14B81A05V3', ''),
('12EC381CV', 'MPMC_INT', '14B81A05V4', ''),
('12EC381CV', 'MPMC_EXT', '14B81A05V4', ''),
('12IT383CV', 'WT_INT', '14B81A05V4', ''),
('12IT383CV', 'WT_EXT', '14B81A05V4', ''),
('12MT381CV', 'QA_INT', '14B81A05V4', ''),
('12MT381CV', 'QA_EXT', '14B81A05V4', ''),
('12EC381CV', 'MPMC_INT', '14B81A05V5', ''),
('12EC381CV', 'MPMC_EXT', '14B81A05V5', ''),
('12IT383CV', 'WT_INT', '14B81A05V5', ''),
('12IT383CV', 'WT_EXT', '14B81A05V5', ''),
('12MT381CV', 'QA_INT', '14B81A05V5', ''),
('12MT381CV', 'QA_EXT', '14B81A05V5', ''),
('12EC381CV', 'MPMC_INT', '14B81A05V6', ''),
('12EC381CV', 'MPMC_EXT', '14B81A05V6', ''),
('12IT383CV', 'WT_INT', '14B81A05V6', ''),
('12IT383CV', 'WT_EXT', '14B81A05V6', ''),
('12MT381CV', 'QA_INT', '14B81A05V6', ''),
('12MT381CV', 'QA_EXT', '14B81A05V6', ''),
('12EC381CV', 'MPMC_INT', '14B81A05V7', ''),
('12EC381CV', 'MPMC_EXT', '14B81A05V7', ''),
('12IT383CV', 'WT_INT', '14B81A05V7', ''),
('12IT383CV', 'WT_EXT', '14B81A05V7', ''),
('12MT381CV', 'QA_INT', '14B81A05V7', ''),
('12MT381CV', 'QA_EXT', '14B81A05V7', ''),
('12EC381CV', 'MPMC_INT', '14B81A05V8', ''),
('12EC381CV', 'MPMC_EXT', '14B81A05V8', ''),
('12IT383CV', 'WT_INT', '14B81A05V8', ''),
('12IT383CV', 'WT_EXT', '14B81A05V8', ''),
('12MT381CV', 'QA_INT', '14B81A05V8', ''),
('12MT381CV', 'QA_EXT', '14B81A05V8', ''),
('12EC381CV', 'MPMC_INT', '14B81A05W0', ''),
('12EC381CV', 'MPMC_EXT', '14B81A05W0', ''),
('12IT383CV', 'WT_INT', '14B81A05W0', ''),
('12IT383CV', 'WT_EXT', '14B81A05W0', ''),
('12MT381CV', 'QA_INT', '14B81A05W0', ''),
('12MT381CV', 'QA_EXT', '14B81A05W0', '');

-- --------------------------------------------------------

--
-- Table structure for table `faculty`
--

CREATE TABLE `faculty` (
  `user_id` int(10) NOT NULL,
  `username` varchar(20) NOT NULL,
  `email_id` varchar(32) NOT NULL,
  `password` varchar(32) NOT NULL,
  `branch` varchar(20) NOT NULL,
  `mobile_no` varchar(10) NOT NULL,
  `secret_code` int(10) NOT NULL
) ENGINE=InnoDB DEFAULT CHARSET=latin1;

--
-- Dumping data for table `faculty`
--

INSERT INTO `faculty` (`user_id`, `username`, `email_id`, `password`, `branch`, `mobile_no`, `secret_code`) VALUES
(3, 'Suhas', 'suhas.gudaboina@gmail.com', '9642904048', 'cse', '9642904048', 123456),
(4, 'kira', 'kira@gmail.com', 'kiramisa', 'cse', '9642904048', 123456),
(5, 'asdsa', 'asdas', 'sad', 'sds', '5354', 123456),
(6, 'sadasd', 'dasd', 'dsads', 'dasdas', '1321', 123456);

-- --------------------------------------------------------

--
-- Table structure for table `faculty_table`
--

CREATE TABLE `faculty_table` (
  `Faculty_Id` varchar(15) NOT NULL,
  `Faculty_Name` varchar(20) NOT NULL,
  `Faculty_Qualification` varchar(20) NOT NULL,
  `Faculty_Designation` varchar(20) NOT NULL,
  `Faculty_Specialization` varchar(20) NOT NULL
) ENGINE=InnoDB DEFAULT CHARSET=latin1;

--
-- Dumping data for table `faculty_table`
--

INSERT INTO `faculty_table` (`Faculty_Id`, `Faculty_Name`, `Faculty_Qualification`, `Faculty_Designation`, `Faculty_Specialization`) VALUES
('CVR01', 'Bhavya', 'M.Tech', 'Assistant Professor', 'Web Technologies'),
('CVR02', 'Badrinarayana', 'M.Tech', 'Senior Professor', 'Linux Programming'),
('CVR03', 'Narender Reddy K', 'Phd', 'Senior Professor', 'Operating Systems'),
('CVR04', 'Venkateshwara Rao K', 'Phd', 'Senior Professor', 'UNIX'),
('fssf', 'ffd', 'ugjg', 'kjgkg', 'hgh');

-- --------------------------------------------------------

--
-- Table structure for table `questions_mapping`
--

CREATE TABLE `questions_mapping` (
  `Branch_Code` varchar(10) NOT NULL,
  `Roll_No` varchar(15) NOT NULL,
  `Course_Code` varchar(10) NOT NULL,
  `Examination_Code` varchar(20) NOT NULL,
  `Q_ID` int(11) NOT NULL,
  `Course_Outcome_Id` varchar(10) NOT NULL,
  `Marks_Obtained` int(11) NOT NULL,
  `Total` int(11) NOT NULL
) ENGINE=InnoDB DEFAULT CHARSET=latin1;

--
-- Dumping data for table `questions_mapping`
--

INSERT INTO `questions_mapping` (`Branch_Code`, `Roll_No`, `Course_Code`, `Examination_Code`, `Q_ID`, `Course_Outcome_Id`, `Marks_Obtained`, `Total`) VALUES
('CSE', '14B81A05R7', '12CS302CV', 'CG002', 1, 'CO1', 2, 2),
('CSE', '14B81A05R7', '12CS302CV', 'CG002', 2, 'CO1', 2, 2),
('CSE', '14B81A05R7', '12CS302CV', 'CG002', 3, 'CO2', 2, 2),
('CSE', '14B81A05R7', '12CS302CV', 'CG002', 4, 'CO2', 2, 2),
('CSE', '14B81A05R7', '12CS302CV', 'CG002', 5, 'CO3', 2, 2),
('CSE', '14B81A05R7', '12CS302CV', 'CG002', 6, 'CO4', 2, 2),
('CSE', '14B81A05R7', '12CS302CV', 'CG002', 7, 'CO2', 2, 2),
('CSE', '14B81A05R7', '12CS302CV', 'CG002', 8, 'CO1', 2, 2),
('CSE', '14B81A05R7', '12CS302CV', 'CG002', 9, 'CO3', 2, 2),
('CSE', '14B81A05R7', '12CS302CV', 'CG002', 10, 'CO4', 2, 2),
('CSE', '14B81A05R7', '12CS302CV', 'CG002', 11, 'CO1', 10, 11),
('CSE', '14B81A05R7', '12CS302CV', 'CG002', 12, 'CO2', 11, 11),
('CSE', '14B81A05R7', '12CS302CV', 'CG002', 13, 'CO1', 11, 11),
('CSE', '14B81A05R7', '12CS302CV', 'CG002', 14, 'CO2', 10, 11),
('CSE', '14B81A05R7', '12CS302CV', 'CG002', 15, 'CO3', 9, 11),
('CSE', '14B81A05R8', '12CS302CV', 'CG002', 1, 'CO1', 2, 2),
('CSE', '14B81A05R8', '12CS302CV', 'CG002', 2, 'CO1', 2, 2),
('CSE', '14B81A05R8', '12CS302CV', 'CG002', 3, 'CO2', 2, 2),
('CSE', '14B81A05R8', '12CS302CV', 'CG002', 4, 'CO2', 2, 2),
('CSE', '14B81A05R8', '12CS302CV', 'CG002', 5, 'CO3', 2, 2),
('CSE', '14B81A05R8', '12CS302CV', 'CG002', 6, 'CO4', 2, 2),
('CSE', '14B81A05R8', '12CS302CV', 'CG002', 7, 'CO2', 2, 2),
('CSE', '14B81A05R8', '12CS302CV', 'CG002', 8, 'CO1', 2, 2),
('CSE', '14B81A05R8', '12CS302CV', 'CG002', 9, 'CO3', 2, 2),
('CSE', '14B81A05R8', '12CS302CV', 'CG002', 10, 'CO4', 2, 2),
('CSE', '14B81A05R8', '12CS302CV', 'CG002', 11, 'CO1', 11, 11),
('CSE', '14B81A05R8', '12CS302CV', 'CG002', 12, 'CO2', 11, 11),
('CSE', '14B81A05R8', '12CS302CV', 'CG002', 13, 'CO1', 10, 11),
('CSE', '14B81A05R8', '12CS302CV', 'CG002', 14, 'CO2', 9, 11),
('CSE', '14B81A05R8', '12CS302CV', 'CG002', 15, 'CO3', 9, 11),
('CSE', '14B81A05R6', '12CS302CV', 'CG002', 1, 'CO1', 2, 2),
('CSE', '14B81A05R6', '12CS302CV', 'CG002', 2, 'CO1', 2, 2),
('CSE', '14B81A05R6', '12CS302CV', 'CG002', 3, 'CO2', 2, 2),
('CSE', '14B81A05R6', '12CS302CV', 'CG002', 4, 'CO2', 2, 2),
('CSE', '14B81A05R6', '12CS302CV', 'CG002', 5, 'CO3', 2, 2),
('CSE', '14B81A05R6', '12CS302CV', 'CG002', 6, 'CO4', 2, 2),
('CSE', '14B81A05R6', '12CS302CV', 'CG002', 7, 'CO2', 2, 2),
('CSE', '14B81A05R6', '12CS302CV', 'CG002', 8, 'CO1', 2, 2),
('CSE', '14B81A05R6', '12CS302CV', 'CG002', 9, 'CO3', 2, 2),
('CSE', '14B81A05R6', '12CS302CV', 'CG002', 10, 'CO4', 2, 2),
('CSE', '14B81A05R6', '12CS302CV', 'CG002', 11, 'CO1', 11, 11),
('CSE', '14B81A05R6', '12CS302CV', 'CG002', 12, 'CO2', 11, 11),
('CSE', '14B81A05R6', '12CS302CV', 'CG002', 13, 'CO1', 10, 11),
('CSE', '14B81A05R6', '12CS302CV', 'CG002', 14, 'CO2', 9, 11),
('CSE', '14B81A05R6', '12CS302CV', 'CG002', 16, 'CO3', 7, 11),
('CSE', '14B81A05U2', '12CS302CV', 'CG002', 1, 'CO1', 2, 2),
('CSE', '14B81A05U2', '12CS302CV', 'CG002', 2, 'CO1', 2, 2),
('CSE', '14B81A05U2', '12CS302CV', 'CG002', 3, 'CO2', 2, 2),
('CSE', '14B81A05U2', '12CS302CV', 'CG002', 4, 'CO2', 2, 2),
('CSE', '14B81A05U2', '12CS302CV', 'CG002', 5, 'CO3', 2, 2),
('CSE', '14B81A05U2', '12CS302CV', 'CG002', 6, 'CO4', 2, 2),
('CSE', '14B81A05U2', '12CS302CV', 'CG002', 7, 'CO2', 2, 2),
('CSE', '14B81A05U2', '12CS302CV', 'CG002', 8, 'CO1', 2, 2),
('CSE', '14B81A05U2', '12CS302CV', 'CG002', 9, 'CO3', 2, 2),
('CSE', '14B81A05U2', '12CS302CV', 'CG002', 10, 'CO4', 2, 2),
('CSE', '14B81A05U2', '12CS302CV', 'CG002', 11, 'CO1', 9, 11),
('CSE', '14B81A05U2', '12CS302CV', 'CG002', 12, 'CO2', 8, 11),
('CSE', '14B81A05U2', '12CS302CV', 'CG002', 13, 'CO1', 9, 11),
('CSE', '14B81A05U2', '12CS302CV', 'CG002', 14, 'CO2', 9, 11),
('CSE', '14B81A05U2', '12CS302CV', 'CG002', 16, 'CO3', 7, 11),
('CSE', '14B81A05V0', '12CS302CV', 'CG002', 1, 'CO1', 2, 2),
('CSE', '14B81A05V0', '12CS302CV', 'CG002', 2, 'CO1', 2, 2),
('CSE', '14B81A05V0', '12CS302CV', 'CG002', 3, 'CO2', 2, 2),
('CSE', '14B81A05V0', '12CS302CV', 'CG002', 4, 'CO2', 2, 2),
('CSE', '14B81A05V0', '12CS302CV', 'CG002', 5, 'CO3', 2, 2),
('CSE', '14B81A05V0', '12CS302CV', 'CG002', 6, 'CO4', 2, 2),
('CSE', '14B81A05V0', '12CS302CV', 'CG002', 7, 'CO2', 2, 2),
('CSE', '14B81A05V0', '12CS302CV', 'CG002', 8, 'CO1', 2, 2),
('CSE', '14B81A05V0', '12CS302CV', 'CG002', 9, 'CO3', 2, 2),
('CSE', '14B81A05V0', '12CS302CV', 'CG002', 10, 'CO4', 2, 2),
('CSE', '14B81A05V0', '12CS302CV', 'CG002', 11, 'CO1', 9, 11),
('CSE', '14B81A05V0', '12CS302CV', 'CG002', 12, 'CO2', 8, 11),
('CSE', '14B81A05V0', '12CS302CV', 'CG002', 13, 'CO1', 10, 11),
('CSE', '14B81A05V0', '12CS302CV', 'CG002', 14, 'CO2', 7, 11),
('CSE', '14B81A05V0', '12CS302CV', 'CG002', 16, 'CO3', 8, 11),
('CSE', '14B81A05Q5', '12CS302CV', 'CG002', 1, 'CO1', 2, 2),
('CSE', '14B81A05Q5', '12CS302CV', 'CG002', 2, 'CO1', 2, 2),
('CSE', '14B81A05Q5', '12CS302CV', 'CG002', 3, 'CO2', 2, 2),
('CSE', '14B81A05Q5', '12CS302CV', 'CG002', 4, 'CO2', 2, 2),
('CSE', '14B81A05Q5', '12CS302CV', 'CG002', 5, 'CO3', 2, 2),
('CSE', '14B81A05Q5', '12CS302CV', 'CG002', 6, 'CO4', 2, 2),
('CSE', '14B81A05Q5', '12CS302CV', 'CG002', 7, 'CO2', 2, 2),
('CSE', '14B81A05Q5', '12CS302CV', 'CG002', 8, 'CO1', 2, 2),
('CSE', '14B81A05Q5', '12CS302CV', 'CG002', 9, 'CO3', 2, 2),
('CSE', '14B81A05Q5', '12CS302CV', 'CG002', 10, 'CO4', 2, 2),
('CSE', '14B81A05Q5', '12CS302CV', 'CG002', 11, 'CO1', 9, 11),
('CSE', '14B81A05Q5', '12CS302CV', 'CG002', 12, 'CO2', 8, 11),
('CSE', '14B81A05Q5', '12CS302CV', 'CG002', 13, 'CO1', 10, 11),
('CSE', '14B81A05Q5', '12CS302CV', 'CG002', 18, 'CO4', 7, 11),
('CSE', '14B81A05S9', '12CS302CV', 'CG002', 1, 'CO1', 2, 2),
('CSE', '14B81A05S9', '12CS302CV', 'CG002', 2, 'CO1', 2, 2),
('CSE', '14B81A05S9', '12CS302CV', 'CG002', 3, 'CO2', 1, 2),
('CSE', '14B81A05S9', '12CS302CV', 'CG002', 4, 'CO2', 2, 2),
('CSE', '14B81A05S9', '12CS302CV', 'CG002', 8, 'CO1', 1, 2),
('CSE', '14B81A05S9', '12CS302CV', 'CG002', 10, 'CO4', 1, 2),
('CSE', '14B81A05S9', '12CS302CV', 'CG002', 11, 'CO1', 7, 11),
('CSE', '14B81A05S9', '12CS302CV', 'CG002', 12, 'CO2', 3, 11),
('CSE', '14B81A05S9', '12CS302CV', 'CG002', 18, 'CO4', 4, 11),
('CSE', '14B81A05S7', '12CS302CV', 'CG002', 1, 'CO1', 2, 2),
('CSE', '14B81A05S7', '12CS302CV', 'CG002', 2, 'CO1', 2, 2),
('CSE', '14B81A05S7', '12CS302CV', 'CG002', 3, 'CO2', 1, 2),
('CSE', '14B81A05S7', '12CS302CV', 'CG002', 4, 'CO2', 2, 2),
('CSE', '14B81A05S7', '12CS302CV', 'CG002', 8, 'CO1', 1, 2),
('CSE', '14B81A05S7', '12CS302CV', 'CG002', 10, 'CO4', 1, 2),
('CSE', '14B81A05S7', '12CS302CV', 'CG002', 11, 'CO1', 7, 11),
('CSE', '14B81A05S7', '12CS302CV', 'CG002', 12, 'CO2', 3, 11),
('CSE', '14B81A05S7', '12CS302CV', 'CG002', 18, 'CO4', 4, 11),
('CSE', '14B81A05Q2', '12CS302CV', 'CG002', 1, 'CO1', 2, 2),
('CSE', '14B81A05Q2', '12CS302CV', 'CG002', 2, 'CO1', 2, 2),
('CSE', '14B81A05Q2', '12CS302CV', 'CG002', 3, 'CO2', 1, 2),
('CSE', '14B81A05Q2', '12CS302CV', 'CG002', 4, 'CO2', 2, 2),
('CSE', '14B81A05Q2', '12CS302CV', 'CG002', 8, 'CO1', 1, 2),
('CSE', '14B81A05Q2', '12CS302CV', 'CG002', 10, 'CO4', 1, 2),
('CSE', '14B81A05Q2', '12CS302CV', 'CG002', 11, 'CO1', 7, 11),
('CSE', '14B81A05Q2', '12CS302CV', 'CG002', 12, 'CO2', 3, 11),
('CSE', '14B81A05Q2', '12CS302CV', 'CG002', 18, 'CO4', 4, 11),
('CSE', '14B81A05Q3', '12CS302CV', 'CG002', 1, 'CO1', 2, 2),
('CSE', '14B81A05Q3', '12CS302CV', 'CG002', 2, 'CO1', 2, 2),
('CSE', '14B81A05Q3', '12CS302CV', 'CG002', 3, 'CO2', 1, 2),
('CSE', '14B81A05Q3', '12CS302CV', 'CG002', 4, 'CO2', 2, 2),
('CSE', '14B81A05Q3', '12CS302CV', 'CG002', 8, 'CO1', 1, 2),
('CSE', '14B81A05Q3', '12CS302CV', 'CG002', 10, 'CO4', 1, 2),
('CSE', '14B81A05Q3', '12CS302CV', 'CG002', 11, 'CO1', 7, 11),
('CSE', '14B81A05Q3', '12CS302CV', 'CG002', 12, 'CO2', 3, 11),
('CSE', '14B81A05Q3', '12CS302CV', 'CG002', 18, 'CO4', 4, 11);

-- --------------------------------------------------------

--
-- Table structure for table `questions_table`
--

CREATE TABLE `questions_table` (
  `Course_Code` varchar(10) NOT NULL,
  `Examination_Code` varchar(20) NOT NULL,
  `Q_ID` int(11) NOT NULL,
  `Course_Outcome_Id` varchar(10) NOT NULL
) ENGINE=InnoDB DEFAULT CHARSET=latin1;

--
-- Dumping data for table `questions_table`
--

INSERT INTO `questions_table` (`Course_Code`, `Examination_Code`, `Q_ID`, `Course_Outcome_Id`) VALUES
('12CS302CV', 'CG002', 1, 'CO1'),
('12CS302CV', 'CG002', 2, 'CO1'),
('12CS302CV', 'CG002', 3, 'CO2'),
('12CS302CV', 'CG002', 4, 'CO2'),
('12CS302CV', 'CG002', 5, 'CO3'),
('12CS302CV', 'CG002', 6, 'CO4'),
('12CS302CV', 'CG002', 7, 'CO2'),
('12CS302CV', 'CG002', 8, 'CO1'),
('12CS302CV', 'CG002', 9, 'CO3'),
('12CS302CV', 'CG002', 10, 'CO4'),
('12CS302CV', 'CG002', 11, 'CO1'),
('12CS302CV', 'CG002', 12, 'CO2'),
('12CS302CV', 'CG002', 13, 'CO1'),
('12CS302CV', 'CG002', 14, 'CO2'),
('12CS302CV', 'CG002', 15, 'CO3'),
('12CS302CV', 'CG002', 16, 'CO3'),
('12CS302CV', 'CG002', 17, 'CO4'),
('12CS302CV', 'CG002', 18, 'CO4');

-- --------------------------------------------------------

--
-- Table structure for table `student_marks`
--

CREATE TABLE `student_marks` (
  `Roll_No` varchar(15) NOT NULL,
  `Examination_Code` varchar(20) NOT NULL,
  `Marks` int(11) NOT NULL,
  `Max_Marks` int(11) NOT NULL
) ENGINE=InnoDB DEFAULT CHARSET=latin1;

--
-- Dumping data for table `student_marks`
--

INSERT INTO `student_marks` (`Roll_No`, `Examination_Code`, `Marks`, `Max_Marks`) VALUES
('14B81A05R7', 'CD001', 24, 25),
('14B81A05R7', 'CD002', 74, 75),
('14B81A05R7', 'CG001', 24, 25),
('14B81A05R7', 'CG002', 73, 75),
('14B81A05R7', 'NS001', 24, 25),
('14B81A05R7', 'NS002', 74, 75),
('14B81A05R7', 'MPMC001', 24, 25),
('14B81A05R7', 'MPMC002', 73, 75),
('14B81A05R7', 'WT001', 24, 25),
('14B81A05R7', 'WT002', 75, 75),
('14B81A05R7', 'WN001', 24, 25),
('14B81A05R7', 'WN002', 74, 75),
('14B81A05R7', 'WT_INT', 24, 25),
('14B81A05R7', 'WT_EXT', 50, 50),
('14B81A05R7', 'MPMC_INT', 24, 25),
('14B81A05R7', 'MPMC_EXT', 48, 50),
('14B81A05R7', 'QA_INT', 15, 20),
('14B81A05R7', 'QA_EXT', 25, 30),
('14B81A05R6', 'CD001', 23, 25),
('14B81A05R6', 'CD002', 72, 75),
('14B81A05R6', 'CG001', 21, 25),
('14B81A05R6', 'CG002', 72, 75),
('14B81A05R6', 'NS001', 24, 25),
('14B81A05R6', 'NS002', 74, 75),
('14B81A05R6', 'MPMC001', 24, 25),
('14B81A05R6', 'MPMC002', 73, 75),
('14B81A05R6', 'WT001', 24, 25),
('14B81A05R6', 'WT002', 74, 75),
('14B81A05R6', 'WN001', 21, 25),
('14B81A05R6', 'WN002', 74, 75),
('14B81A05R6', 'WT_INT', 24, 25),
('14B81A05R6', 'WT_EXT', 48, 50),
('14B81A05R6', 'MPMC_INT', 24, 25),
('14B81A05R6', 'MPMC_EXT', 46, 50),
('14B81A05R6', 'QA_INT', 18, 20),
('14B81A05R6', 'QA_EXT', 28, 30),
('14B81A05R8', 'CD001', 23, 25),
('14B81A05R8', 'CD002', 72, 75),
('14B81A05R8', 'CG001', 21, 25),
('14B81A05R8', 'CG002', 72, 75),
('14B81A05R8', 'NS001', 24, 25),
('14B81A05R8', 'NS002', 74, 75),
('14B81A05R8', 'MPMC001', 24, 25),
('14B81A05R8', 'MPMC002', 73, 75),
('14B81A05R8', 'WT001', 24, 25),
('14B81A05R8', 'WT002', 74, 75),
('14B81A05R8', 'WN001', 21, 25),
('14B81A05R8', 'WN002', 74, 75),
('14B81A05R8', 'WT_INT', 24, 25),
('14B81A05R8', 'WT_EXT', 48, 50),
('14B81A05R8', 'MPMC_INT', 24, 25),
('14B81A05R8', 'MPMC_EXT', 46, 50),
('14B81A05R8', 'QA_INT', 18, 20),
('14B81A05R8', 'QA_EXT', 28, 30),
('14B81A05R9', 'CD001', 23, 25),
('14B81A05R9', 'CD002', 72, 75),
('14B81A05R9', 'CG001', 21, 25),
('14B81A05R9', 'CG002', 72, 75),
('14B81A05R9', 'NS001', 24, 25),
('14B81A05R9', 'NS002', 74, 75),
('14B81A05R9', 'MPMC001', 24, 25),
('14B81A05R9', 'MPMC002', 73, 75),
('14B81A05R9', 'WT001', 24, 25),
('14B81A05R9', 'WT002', 74, 75),
('14B81A05R9', 'WN001', 21, 25),
('14B81A05R9', 'WN002', 74, 75),
('14B81A05R9', 'WT_INT', 24, 25),
('14B81A05R9', 'WT_EXT', 48, 50),
('14B81A05R9', 'MPMC_INT', 24, 25),
('14B81A05R9', 'MPMC_EXT', 46, 50),
('14B81A05R9', 'QA_INT', 18, 20),
('14B81A05R9', 'QA_EXT', 28, 30),
('14B81A05V0', 'CD001', 23, 25),
('14B81A05V0', 'CD002', 72, 75),
('14B81A05V0', 'CG001', 21, 25),
('14B81A05V0', 'CG002', 72, 75),
('14B81A05V0', 'NS001', 24, 25),
('14B81A05V0', 'NS002', 74, 75),
('14B81A05V0', 'MPMC001', 24, 25),
('14B81A05V0', 'MPMC002', 73, 75),
('14B81A05V0', 'WT001', 24, 25),
('14B81A05V0', 'WT002', 74, 75),
('14B81A05V0', 'WN001', 21, 25),
('14B81A05V0', 'WN002', 74, 75),
('14B81A05V0', 'WT_INT', 24, 25),
('14B81A05V0', 'WT_EXT', 48, 50),
('14B81A05V0', 'MPMC_INT', 24, 25),
('14B81A05V0', 'MPMC_EXT', 46, 50),
('14B81A05V0', 'QA_INT', 18, 20),
('14B81A05V0', 'QA_EXT', 28, 30),
('14B81A05V5', 'CD001', 23, 25),
('14B81A05V5', 'CD002', 72, 75),
('14B81A05V5', 'CG001', 21, 25),
('14B81A05V5', 'CG002', 72, 75),
('14B81A05V5', 'NS001', 24, 25),
('14B81A05V5', 'NS002', 74, 75),
('14B81A05V5', 'MPMC001', 24, 25),
('14B81A05V5', 'MPMC002', 73, 75),
('14B81A05V5', 'WT001', 24, 25),
('14B81A05V5', 'WT002', 74, 75),
('14B81A05V5', 'WN001', 21, 25),
('14B81A05V5', 'WN002', 74, 75),
('14B81A05V5', 'WT_INT', 24, 25),
('14B81A05V5', 'WT_EXT', 48, 50),
('14B81A05V5', 'MPMC_INT', 24, 25),
('14B81A05V5', 'MPMC_EXT', 46, 50),
('14B81A05V5', 'QA_INT', 18, 20),
('14B81A05V5', 'QA_EXT', 28, 30),
('14B81A05U7', 'CD001', 23, 25),
('14B81A05U7', 'CD002', 72, 75),
('14B81A05U7', 'CG001', 21, 25),
('14B81A05U7', 'CG002', 72, 75),
('14B81A05U7', 'NS001', 24, 25),
('14B81A05U7', 'NS002', 74, 75),
('14B81A05U7', 'MPMC001', 24, 25),
('14B81A05U7', 'MPMC002', 73, 75),
('14B81A05U7', 'WT001', 24, 25),
('14B81A05U7', 'WT002', 74, 75),
('14B81A05U7', 'WN001', 21, 25),
('14B81A05U7', 'WN002', 74, 75),
('14B81A05U7', 'WT_INT', 24, 25),
('14B81A05U7', 'WT_EXT', 48, 50),
('14B81A05U7', 'MPMC_INT', 24, 25),
('14B81A05U7', 'MPMC_EXT', 46, 50),
('14B81A05U7', 'QA_INT', 18, 20),
('14B81A05U7', 'QA_EXT', 28, 30),
('14B81A05U2', 'CD001', 23, 25),
('14B81A05U2', 'CD002', 72, 75),
('14B81A05U2', 'CG001', 21, 25),
('14B81A05U2', 'CG002', 72, 75),
('14B81A05U2', 'NS001', 24, 25),
('14B81A05U2', 'NS002', 74, 75),
('14B81A05U2', 'MPMC001', 24, 25),
('14B81A05U2', 'MPMC002', 73, 75),
('14B81A05U2', 'WT001', 24, 25),
('14B81A05U2', 'WT002', 74, 75),
('14B81A05U2', 'WN001', 21, 25),
('14B81A05U2', 'WN002', 74, 75),
('14B81A05U2', 'WT_INT', 24, 25),
('14B81A05U2', 'WT_EXT', 48, 50),
('14B81A05U2', 'MPMC_INT', 24, 25),
('14B81A05U2', 'MPMC_EXT', 46, 50),
('14B81A05U2', 'QA_INT', 18, 20),
('14B81A05U2', 'QA_EXT', 28, 30),
('14B81A05R0', 'CD001', 20, 25),
('14B81A05R0', 'CD002', 65, 75),
('14B81A05R0', 'CG001', 21, 25),
('14B81A05R0', 'CG002', 68, 75),
('14B81A05R0', 'NS001', 20, 25),
('14B81A05R0', 'NS002', 61, 75),
('14B81A05R0', 'MPMC001', 21, 25),
('14B81A05R0', 'MPMC002', 63, 75),
('14B81A05R0', 'WT001', 22, 25),
('14B81A05R0', 'WT002', 67, 75),
('14B81A05R0', 'WN001', 20, 25),
('14B81A05R0', 'WN002', 69, 75),
('14B81A05R0', 'WT_INT', 21, 25),
('14B81A05R0', 'WT_EXT', 48, 50),
('14B81A05R0', 'MPMC_INT', 21, 25),
('14B81A05R0', 'MPMC_EXT', 46, 50),
('14B81A05R0', 'QA_INT', 15, 20),
('14B81A05R0', 'QA_EXT', 22, 30),
('14B81A05T3', 'CD001', 20, 25),
('14B81A05T3', 'CD002', 65, 75),
('14B81A05T3', 'CG001', 21, 25),
('14B81A05T3', 'CG002', 68, 75),
('14B81A05T3', 'NS001', 20, 25),
('14B81A05T3', 'NS002', 61, 75),
('14B81A05T3', 'MPMC001', 21, 25),
('14B81A05T3', 'MPMC002', 63, 75),
('14B81A05T3', 'WT001', 22, 25),
('14B81A05T3', 'WT002', 67, 75),
('14B81A05T3', 'WN001', 20, 25),
('14B81A05T3', 'WN002', 69, 75),
('14B81A05T3', 'WT_INT', 21, 25),
('14B81A05T3', 'WT_EXT', 48, 50),
('14B81A05T3', 'MPMC_INT', 21, 25),
('14B81A05T3', 'MPMC_EXT', 46, 50),
('14B81A05T3', 'QA_INT', 15, 20),
('14B81A05T3', 'QA_EXT', 22, 30),
('14B81A05S5', 'CD001', 20, 25),
('14B81A05S5', 'CD002', 65, 75),
('14B81A05S5', 'CG001', 21, 25),
('14B81A05S5', 'CG002', 68, 75),
('14B81A05S5', 'NS001', 20, 25),
('14B81A05S5', 'NS002', 61, 75),
('14B81A05S5', 'MPMC001', 21, 25),
('14B81A05S5', 'MPMC002', 63, 75),
('14B81A05S5', 'WT001', 22, 25),
('14B81A05S5', 'WT002', 67, 75),
('14B81A05S5', 'WN001', 20, 25),
('14B81A05S5', 'WN002', 69, 75),
('14B81A05S5', 'WT_INT', 21, 25),
('14B81A05S5', 'WT_EXT', 48, 50),
('14B81A05S5', 'MPMC_INT', 21, 25),
('14B81A05S5', 'MPMC_EXT', 46, 50),
('14B81A05S5', 'QA_INT', 15, 20),
('14B81A05S5', 'QA_EXT', 22, 30),
('14B81A05S4', 'CD001', 20, 25),
('14B81A05S4', 'CD002', 65, 75),
('14B81A05S4', 'CG001', 21, 25),
('14B81A05S4', 'CG002', 68, 75),
('14B81A05S4', 'NS001', 20, 25),
('14B81A05S4', 'NS002', 61, 75),
('14B81A05S4', 'MPMC001', 21, 25),
('14B81A05S4', 'MPMC002', 63, 75),
('14B81A05S4', 'WT001', 22, 25),
('14B81A05S4', 'WT002', 67, 75),
('14B81A05S4', 'WN001', 20, 25),
('14B81A05S4', 'WN002', 69, 75),
('14B81A05S4', 'WT_INT', 21, 25),
('14B81A05S4', 'WT_EXT', 48, 50),
('14B81A05S4', 'MPMC_INT', 21, 25),
('14B81A05S4', 'MPMC_EXT', 46, 50),
('14B81A05S4', 'QA_INT', 15, 20),
('14B81A05S4', 'QA_EXT', 22, 30),
('14B81A05S0', 'CD001', 20, 25),
('14B81A05S0', 'CD002', 65, 75),
('14B81A05S0', 'CG001', 21, 25),
('14B81A05S0', 'CG002', 68, 75),
('14B81A05S0', 'NS001', 20, 25),
('14B81A05S0', 'NS002', 61, 75),
('14B81A05S0', 'MPMC001', 21, 25),
('14B81A05S0', 'MPMC002', 63, 75),
('14B81A05S0', 'WT001', 22, 25),
('14B81A05S0', 'WT002', 67, 75),
('14B81A05S0', 'WN001', 20, 25),
('14B81A05S0', 'WN002', 69, 75),
('14B81A05S0', 'WT_INT', 21, 25),
('14B81A05S0', 'WT_EXT', 48, 50),
('14B81A05S0', 'MPMC_INT', 21, 25),
('14B81A05S0', 'MPMC_EXT', 46, 50),
('14B81A05S0', 'QA_INT', 15, 20),
('14B81A05S0', 'QA_EXT', 22, 30),
('14B81A05R3', 'CD001', 20, 25),
('14B81A05R3', 'CD002', 65, 75),
('14B81A05R3', 'CG001', 21, 25),
('14B81A05R3', 'CG002', 68, 75),
('14B81A05R3', 'NS001', 20, 25),
('14B81A05R3', 'NS002', 61, 75),
('14B81A05R3', 'MPMC001', 21, 25),
('14B81A05R3', 'MPMC002', 63, 75),
('14B81A05R3', 'WT001', 22, 25),
('14B81A05R3', 'WT002', 67, 75),
('14B81A05R3', 'WN001', 20, 25),
('14B81A05R3', 'WN002', 69, 75),
('14B81A05R3', 'WT_INT', 21, 25),
('14B81A05R3', 'WT_EXT', 48, 50),
('14B81A05R3', 'MPMC_INT', 21, 25),
('14B81A05R3', 'MPMC_EXT', 46, 50),
('14B81A05R3', 'QA_INT', 15, 20),
('14B81A05R3', 'QA_EXT', 22, 30),
('14B81A05R1', 'CD001', 17, 25),
('14B81A05R1', 'CD002', 62, 75),
('14B81A05R1', 'CG001', 19, 25),
('14B81A05R1', 'CG002', 62, 75),
('14B81A05R1', 'NS001', 20, 25),
('14B81A05R1', 'NS002', 61, 75),
('14B81A05R1', 'MPMC001', 19, 25),
('14B81A05R1', 'MPMC002', 62, 75),
('14B81A05R1', 'WT001', 20, 25),
('14B81A05R1', 'WT002', 61, 75),
('14B81A05R1', 'WN001', 20, 25),
('14B81A05R1', 'WN002', 61, 75),
('14B81A05R1', 'WT_INT', 18, 25),
('14B81A05R1', 'WT_EXT', 41, 50),
('14B81A05R1', 'MPMC_INT', 19, 25),
('14B81A05R1', 'MPMC_EXT', 42, 50),
('14B81A05R1', 'QA_INT', 12, 20),
('14B81A05R1', 'QA_EXT', 20, 30),
('14B81A05Q5', 'CD001', 17, 25),
('14B81A05Q5', 'CD002', 62, 75),
('14B81A05Q5', 'CG001', 19, 25),
('14B81A05Q5', 'CG002', 62, 75),
('14B81A05Q5', 'NS001', 20, 25),
('14B81A05Q5', 'NS002', 61, 75),
('14B81A05Q5', 'MPMC001', 19, 25),
('14B81A05Q5', 'MPMC002', 62, 75),
('14B81A05Q5', 'WT001', 20, 25),
('14B81A05Q5', 'WT002', 61, 75),
('14B81A05Q5', 'WN001', 20, 25),
('14B81A05Q5', 'WN002', 61, 75),
('14B81A05Q5', 'WT_INT', 18, 25),
('14B81A05Q5', 'WT_EXT', 41, 50),
('14B81A05Q5', 'MPMC_INT', 19, 25),
('14B81A05Q5', 'MPMC_EXT', 42, 50),
('14B81A05Q5', 'QA_INT', 12, 20),
('14B81A05Q5', 'QA_EXT', 20, 30),
('14B81A05Q9', 'CD001', 17, 25),
('14B81A05Q9', 'CD002', 62, 75),
('14B81A05Q9', 'CG001', 19, 25),
('14B81A05Q9', 'CG002', 62, 75),
('14B81A05Q9', 'NS001', 20, 25),
('14B81A05Q9', 'NS002', 61, 75),
('14B81A05Q9', 'MPMC001', 19, 25),
('14B81A05Q9', 'MPMC002', 62, 75),
('14B81A05Q9', 'WT001', 20, 25),
('14B81A05Q9', 'WT002', 61, 75),
('14B81A05Q9', 'WN001', 20, 25),
('14B81A05Q9', 'WN002', 61, 75),
('14B81A05Q9', 'WT_INT', 18, 25),
('14B81A05Q9', 'WT_EXT', 41, 50),
('14B81A05Q9', 'MPMC_INT', 19, 25),
('14B81A05Q9', 'MPMC_EXT', 42, 50),
('14B81A05Q9', 'QA_INT', 12, 20),
('14B81A05Q9', 'QA_EXT', 20, 30),
('14B81A05Q6', 'CD001', 17, 25),
('14B81A05Q6', 'CD002', 62, 75),
('14B81A05Q6', 'CG001', 19, 25),
('14B81A05Q6', 'CG002', 62, 75),
('14B81A05Q6', 'NS001', 20, 25),
('14B81A05Q6', 'NS002', 61, 75),
('14B81A05Q6', 'MPMC001', 19, 25),
('14B81A05Q6', 'MPMC002', 62, 75),
('14B81A05Q6', 'WT001', 20, 25),
('14B81A05Q6', 'WT002', 61, 75),
('14B81A05Q6', 'WN001', 20, 25),
('14B81A05Q6', 'WN002', 61, 75),
('14B81A05Q6', 'WT_INT', 18, 25),
('14B81A05Q6', 'WT_EXT', 41, 50),
('14B81A05Q6', 'MPMC_INT', 19, 25),
('14B81A05Q6', 'MPMC_EXT', 42, 50),
('14B81A05Q6', 'QA_INT', 12, 20),
('14B81A05Q6', 'QA_EXT', 20, 30),
('14B81A05U3', 'CD001', 17, 25),
('14B81A05U3', 'CD002', 62, 75),
('14B81A05U3', 'CG001', 19, 25),
('14B81A05U3', 'CG002', 62, 75),
('14B81A05U3', 'NS001', 20, 25),
('14B81A05U3', 'NS002', 61, 75),
('14B81A05U3', 'MPMC001', 19, 25),
('14B81A05U3', 'MPMC002', 62, 75),
('14B81A05U3', 'WT001', 20, 25),
('14B81A05U3', 'WT002', 61, 75),
('14B81A05U3', 'WN001', 20, 25),
('14B81A05U3', 'WN002', 61, 75),
('14B81A05U3', 'WT_INT', 18, 25),
('14B81A05U3', 'WT_EXT', 41, 50),
('14B81A05U3', 'MPMC_INT', 19, 25),
('14B81A05U3', 'MPMC_EXT', 42, 50),
('14B81A05U3', 'QA_INT', 12, 20),
('14B81A05U3', 'QA_EXT', 20, 30),
('14B81A05U1', 'CD001', 17, 25),
('14B81A05U1', 'CD002', 62, 75),
('14B81A05U1', 'CG001', 19, 25),
('14B81A05U1', 'CG002', 62, 75),
('14B81A05U1', 'NS001', 20, 25),
('14B81A05U1', 'NS002', 61, 75),
('14B81A05U1', 'MPMC001', 19, 25),
('14B81A05U1', 'MPMC002', 62, 75),
('14B81A05U1', 'WT001', 20, 25),
('14B81A05U1', 'WT002', 61, 75),
('14B81A05U1', 'WN001', 20, 25),
('14B81A05U1', 'WN002', 61, 75),
('14B81A05U1', 'WT_INT', 18, 25),
('14B81A05U1', 'WT_EXT', 41, 50),
('14B81A05U1', 'MPMC_INT', 19, 25),
('14B81A05U1', 'MPMC_EXT', 42, 50),
('14B81A05U1', 'QA_INT', 12, 20),
('14B81A05U1', 'QA_EXT', 20, 30),
('14B81A05U0', 'CD001', 17, 25),
('14B81A05U0', 'CD002', 62, 75),
('14B81A05U0', 'CG001', 19, 25),
('14B81A05U0', 'CG002', 62, 75),
('14B81A05U0', 'NS001', 20, 25),
('14B81A05U0', 'NS002', 61, 75),
('14B81A05U0', 'MPMC001', 19, 25),
('14B81A05U0', 'MPMC002', 62, 75),
('14B81A05U0', 'WT001', 20, 25),
('14B81A05U0', 'WT002', 61, 75),
('14B81A05U0', 'WN001', 20, 25),
('14B81A05U0', 'WN002', 61, 75),
('14B81A05U0', 'WT_INT', 18, 25),
('14B81A05U0', 'WT_EXT', 41, 50),
('14B81A05U0', 'MPMC_INT', 19, 25),
('14B81A05U0', 'MPMC_EXT', 42, 50),
('14B81A05U0', 'QA_INT', 12, 20),
('14B81A05U0', 'QA_EXT', 20, 30),
('14B81A05S7', 'CD001', 17, 25),
('14B81A05S7', 'CD002', 62, 75),
('14B81A05S7', 'CG001', 19, 25),
('14B81A05S7', 'CG002', 62, 75),
('14B81A05S7', 'NS001', 20, 25),
('14B81A05S7', 'NS002', 61, 75),
('14B81A05S7', 'MPMC001', 19, 25),
('14B81A05S7', 'MPMC002', 62, 75),
('14B81A05S7', 'WT001', 20, 25),
('14B81A05S7', 'WT002', 61, 75),
('14B81A05S7', 'WN001', 20, 25),
('14B81A05S7', 'WN002', 61, 75),
('14B81A05S7', 'WT_INT', 18, 25),
('14B81A05S7', 'WT_EXT', 41, 50),
('14B81A05S7', 'MPMC_INT', 19, 25),
('14B81A05S7', 'MPMC_EXT', 42, 50),
('14B81A05S7', 'QA_INT', 12, 20),
('14B81A05S7', 'QA_EXT', 20, 30),
('14B81A05S9', 'CD001', 17, 25),
('14B81A05S9', 'CD002', 62, 75),
('14B81A05S9', 'CG001', 19, 25),
('14B81A05S9', 'CG002', 62, 75),
('14B81A05S9', 'NS001', 20, 25),
('14B81A05S9', 'NS002', 61, 75),
('14B81A05S9', 'MPMC001', 19, 25),
('14B81A05S9', 'MPMC002', 62, 75),
('14B81A05S9', 'WT001', 20, 25),
('14B81A05S9', 'WT002', 61, 75),
('14B81A05S9', 'WN001', 20, 25),
('14B81A05S9', 'WN002', 61, 75),
('14B81A05S9', 'WT_INT', 18, 25),
('14B81A05S9', 'WT_EXT', 41, 50),
('14B81A05S9', 'MPMC_INT', 19, 25),
('14B81A05S9', 'MPMC_EXT', 42, 50),
('14B81A05S9', 'QA_INT', 12, 20),
('14B81A05S9', 'QA_EXT', 20, 30),
('14B81A05T6', 'CD001', 16, 25),
('14B81A05T6', 'CD002', 21, 75),
('14B81A05T6', 'CG001', 13, 25),
('14B81A05T6', 'CG002', 33, 75),
('14B81A05T6', 'NS001', 13, 25),
('14B81A05T6', 'NS002', 20, 75),
('14B81A05T6', 'MPMC001', 15, 25),
('14B81A05T6', 'MPMC002', 40, 75),
('14B81A05T6', 'WT001', 17, 25),
('14B81A05T6', 'WT002', 32, 75),
('14B81A05T6', 'WN001', 14, 25),
('14B81A05T6', 'WN002', 43, 75),
('14B81A05T6', 'WT_INT', 15, 25),
('14B81A05T6', 'WT_EXT', 35, 50),
('14B81A05T6', 'MPMC_INT', 14, 25),
('14B81A05T6', 'MPMC_EXT', 38, 50),
('14B81A05T6', 'QA_INT', 12, 20),
('14B81A05T6', 'QA_EXT', 17, 30),
('14B81A05T5', 'CD001', 16, 25),
('14B81A05T5', 'CD002', 21, 75),
('14B81A05T5', 'CG001', 13, 25),
('14B81A05T5', 'CG002', 33, 75),
('14B81A05T5', 'NS001', 13, 25),
('14B81A05T5', 'NS002', 20, 75),
('14B81A05T5', 'MPMC001', 15, 25),
('14B81A05T5', 'MPMC002', 40, 75),
('14B81A05T5', 'WT001', 17, 25),
('14B81A05T5', 'WT002', 32, 75),
('14B81A05T5', 'WN001', 14, 25),
('14B81A05T5', 'WN002', 43, 75),
('14B81A05T5', 'WT_INT', 15, 25),
('14B81A05T5', 'WT_EXT', 35, 50),
('14B81A05T5', 'MPMC_INT', 14, 25),
('14B81A05T5', 'MPMC_EXT', 38, 50),
('14B81A05T5', 'QA_INT', 12, 20),
('14B81A05T5', 'QA_EXT', 17, 30),
('14B81A05T8', 'CD001', 16, 25),
('14B81A05T8', 'CD002', 21, 75),
('14B81A05T8', 'CG001', 13, 25),
('14B81A05T8', 'CG002', 33, 75),
('14B81A05T8', 'NS001', 13, 25),
('14B81A05T8', 'NS002', 20, 75),
('14B81A05T8', 'MPMC001', 15, 25),
('14B81A05T8', 'MPMC002', 40, 75),
('14B81A05T8', 'WT001', 17, 25),
('14B81A05T8', 'WT002', 32, 75),
('14B81A05T8', 'WN001', 14, 25),
('14B81A05T8', 'WN002', 43, 75),
('14B81A05T8', 'WT_INT', 15, 25),
('14B81A05T8', 'WT_EXT', 35, 50),
('14B81A05T8', 'MPMC_INT', 14, 25),
('14B81A05T8', 'MPMC_EXT', 38, 50),
('14B81A05T8', 'QA_INT', 12, 20),
('14B81A05T8', 'QA_EXT', 17, 30),
('14B81A05S3', 'CD001', 16, 25),
('14B81A05S3', 'CD002', 21, 75),
('14B81A05S3', 'CG001', 13, 25),
('14B81A05S3', 'CG002', 33, 75),
('14B81A05S3', 'NS001', 13, 25),
('14B81A05S3', 'NS002', 20, 75),
('14B81A05S3', 'MPMC001', 15, 25),
('14B81A05S3', 'MPMC002', 40, 75),
('14B81A05S3', 'WT001', 17, 25),
('14B81A05S3', 'WT002', 32, 75),
('14B81A05S3', 'WN001', 14, 25),
('14B81A05S3', 'WN002', 43, 75),
('14B81A05S3', 'WT_INT', 15, 25),
('14B81A05S3', 'WT_EXT', 35, 50),
('14B81A05S3', 'MPMC_INT', 14, 25),
('14B81A05S3', 'MPMC_EXT', 38, 50),
('14B81A05S3', 'QA_INT', 12, 20),
('14B81A05S3', 'QA_EXT', 17, 30),
('14B81A05R4', 'CD001', 16, 25),
('14B81A05R4', 'CD002', 21, 75),
('14B81A05R4', 'CG001', 13, 25),
('14B81A05R4', 'CG002', 33, 75),
('14B81A05R4', 'NS001', 13, 25),
('14B81A05R4', 'NS002', 20, 75),
('14B81A05R4', 'MPMC001', 15, 25),
('14B81A05R4', 'MPMC002', 40, 75),
('14B81A05R4', 'WT001', 17, 25),
('14B81A05R4', 'WT002', 32, 75),
('14B81A05R4', 'WN001', 14, 25),
('14B81A05R4', 'WN002', 43, 75),
('14B81A05R4', 'WT_INT', 15, 25),
('14B81A05R4', 'WT_EXT', 35, 50),
('14B81A05R4', 'MPMC_INT', 14, 25),
('14B81A05R4', 'MPMC_EXT', 38, 50),
('14B81A05R4', 'QA_INT', 12, 20),
('14B81A05R4', 'QA_EXT', 17, 30),
('14B81A05V2', 'CD001', 16, 25),
('14B81A05V2', 'CD002', 21, 75),
('14B81A05V2', 'CG001', 13, 25),
('14B81A05V2', 'CG002', 33, 75),
('14B81A05V2', 'NS001', 13, 25),
('14B81A05V2', 'NS002', 20, 75),
('14B81A05V2', 'MPMC001', 15, 25),
('14B81A05V2', 'MPMC002', 40, 75),
('14B81A05V2', 'WT001', 17, 25),
('14B81A05V2', 'WT002', 32, 75),
('14B81A05V2', 'WN001', 14, 25),
('14B81A05V2', 'WN002', 43, 75),
('14B81A05V2', 'WT_INT', 15, 25),
('14B81A05V2', 'WT_EXT', 35, 50),
('14B81A05V2', 'MPMC_INT', 14, 25),
('14B81A05V2', 'MPMC_EXT', 38, 50),
('14B81A05V2', 'QA_INT', 12, 20),
('14B81A05V2', 'QA_EXT', 17, 30),
('14B81A05V3', 'CD001', 16, 25),
('14B81A05V3', 'CD002', 21, 75),
('14B81A05V3', 'CG001', 13, 25),
('14B81A05V3', 'CG002', 33, 75),
('14B81A05V3', 'NS001', 13, 25),
('14B81A05V3', 'NS002', 20, 75),
('14B81A05V3', 'MPMC001', 15, 25),
('14B81A05V3', 'MPMC002', 40, 75),
('14B81A05V3', 'WT001', 17, 25),
('14B81A05V3', 'WT002', 32, 75),
('14B81A05V3', 'WN001', 14, 25),
('14B81A05V3', 'WN002', 43, 75),
('14B81A05V3', 'WT_INT', 15, 25),
('14B81A05V3', 'WT_EXT', 35, 50),
('14B81A05V3', 'MPMC_INT', 14, 25),
('14B81A05V3', 'MPMC_EXT', 38, 50),
('14B81A05V3', 'QA_INT', 12, 20),
('14B81A05V3', 'QA_EXT', 17, 30),
('14B81A05V4', 'CD001', 16, 25),
('14B81A05V4', 'CD002', 21, 75),
('14B81A05V4', 'CG001', 13, 25),
('14B81A05V4', 'CG002', 33, 75),
('14B81A05V4', 'NS001', 13, 25),
('14B81A05V4', 'NS002', 20, 75),
('14B81A05V4', 'MPMC001', 15, 25),
('14B81A05V4', 'MPMC002', 40, 75),
('14B81A05V4', 'WT001', 17, 25),
('14B81A05V4', 'WT002', 32, 75),
('14B81A05V4', 'WN001', 14, 25),
('14B81A05V4', 'WN002', 43, 75),
('14B81A05V4', 'WT_INT', 15, 25),
('14B81A05V4', 'WT_EXT', 35, 50),
('14B81A05V4', 'MPMC_INT', 14, 25),
('14B81A05V4', 'MPMC_EXT', 38, 50),
('14B81A05V4', 'QA_INT', 12, 20),
('14B81A05V4', 'QA_EXT', 17, 30),
('14B81A05V6', 'CD001', 16, 25),
('14B81A05V6', 'CD002', 21, 75),
('14B81A05V6', 'CG001', 13, 25),
('14B81A05V6', 'CG002', 27, 75),
('14B81A05V6', 'NS001', 13, 25),
('14B81A05V6', 'NS002', 20, 75),
('14B81A05V6', 'MPMC001', 14, 25),
('14B81A05V6', 'MPMC002', 26, 75),
('14B81A05V6', 'WT001', 17, 25),
('14B81A05V6', 'WT002', 32, 75),
('14B81A05V6', 'WN001', 14, 25),
('14B81A05V6', 'WN002', 31, 75),
('14B81A05V6', 'WT_INT', 15, 25),
('14B81A05V6', 'WT_EXT', 24, 50),
('14B81A05V6', 'MPMC_INT', 14, 25),
('14B81A05V6', 'MPMC_EXT', 20, 50),
('14B81A05V6', 'QA_INT', 12, 20),
('14B81A05V6', 'QA_EXT', 14, 30),
('14B81A05V7', 'CD001', 16, 25),
('14B81A05V7', 'CD002', 21, 75),
('14B81A05V7', 'CG001', 13, 25),
('14B81A05V7', 'CG002', 27, 75),
('14B81A05V7', 'NS001', 13, 25),
('14B81A05V7', 'NS002', 20, 75),
('14B81A05V7', 'MPMC001', 14, 25),
('14B81A05V7', 'MPMC002', 26, 75),
('14B81A05V7', 'WT001', 17, 25),
('14B81A05V7', 'WT002', 32, 75),
('14B81A05V7', 'WN001', 14, 25),
('14B81A05V7', 'WN002', 31, 75),
('14B81A05V7', 'WT_INT', 15, 25),
('14B81A05V7', 'WT_EXT', 24, 50),
('14B81A05V7', 'MPMC_INT', 14, 25),
('14B81A05V7', 'MPMC_EXT', 20, 50),
('14B81A05V7', 'QA_INT', 12, 20),
('14B81A05V7', 'QA_EXT', 14, 30),
('14B81A05V8', 'CD001', 16, 25),
('14B81A05V8', 'CD002', 21, 75),
('14B81A05V8', 'CG001', 13, 25),
('14B81A05V8', 'CG002', 27, 75),
('14B81A05V8', 'NS001', 13, 25),
('14B81A05V8', 'NS002', 20, 75),
('14B81A05V8', 'MPMC001', 14, 25),
('14B81A05V8', 'MPMC002', 26, 75),
('14B81A05V8', 'WT001', 17, 25),
('14B81A05V8', 'WT002', 32, 75),
('14B81A05V8', 'WN001', 14, 25),
('14B81A05V8', 'WN002', 31, 75),
('14B81A05V8', 'WT_INT', 15, 25),
('14B81A05V8', 'WT_EXT', 24, 50),
('14B81A05V8', 'MPMC_INT', 14, 25),
('14B81A05V8', 'MPMC_EXT', 20, 50),
('14B81A05V8', 'QA_INT', 12, 20),
('14B81A05V8', 'QA_EXT', 14, 30),
('14B81A05W0', 'CD001', 16, 25),
('14B81A05W0', 'CD002', 17, 75),
('14B81A05W0', 'CG001', 13, 25),
('14B81A05W0', 'CG002', 27, 75),
('14B81A05W0', 'NS001', 13, 25),
('14B81A05W0', 'NS002', 17, 75),
('14B81A05W0', 'MPMC001', 14, 25),
('14B81A05W0', 'MPMC002', 18, 75),
('14B81A05W0', 'WT001', 13, 25),
('14B81A05W0', 'WT002', 27, 75),
('14B81A05W0', 'WN001', 14, 25),
('14B81A05W0', 'WN002', 31, 75),
('14B81A05W0', 'WT_INT', 15, 25),
('14B81A05W0', 'WT_EXT', 21, 50),
('14B81A05W0', 'MPMC_INT', 14, 25),
('14B81A05W0', 'MPMC_EXT', 20, 50),
('14B81A05W0', 'QA_INT', 12, 20),
('14B81A05W0', 'QA_EXT', 13, 30),
('14B81A05Q1', 'CD001', 16, 25),
('14B81A05Q1', 'CD002', 17, 75),
('14B81A05Q1', 'CG001', 13, 25),
('14B81A05Q1', 'CG002', 27, 75),
('14B81A05Q1', 'NS001', 13, 25),
('14B81A05Q1', 'NS002', 27, 75),
('14B81A05Q1', 'MPMC001', 14, 25),
('14B81A05Q1', 'MPMC002', 28, 75),
('14B81A05Q1', 'WT001', 13, 25),
('14B81A05Q1', 'WT002', 27, 75),
('14B81A05Q1', 'WN001', 14, 25),
('14B81A05Q1', 'WN002', 31, 75),
('14B81A05Q1', 'WT_INT', 15, 25),
('14B81A05Q1', 'WT_EXT', 21, 50),
('14B81A05Q1', 'MPMC_INT', 14, 25),
('14B81A05Q1', 'MPMC_EXT', 20, 50),
('14B81A05Q1', 'QA_INT', 12, 20),
('14B81A05Q1', 'QA_EXT', 13, 30),
('14B81A05Q2', 'CD001', 16, 25),
('14B81A05Q2', 'CD002', 17, 75),
('14B81A05Q2', 'CG001', 13, 25),
('14B81A05Q2', 'CG002', 27, 75),
('14B81A05Q2', 'NS001', 13, 25),
('14B81A05Q2', 'NS002', 17, 75),
('14B81A05Q2', 'MPMC001', 14, 25),
('14B81A05Q2', 'MPMC002', 18, 75),
('14B81A05Q2', 'WT001', 13, 25),
('14B81A05Q2', 'WT002', 27, 75),
('14B81A05Q2', 'WN001', 14, 25),
('14B81A05Q2', 'WN002', 31, 75),
('14B81A05Q2', 'WT_INT', 15, 25),
('14B81A05Q2', 'WT_EXT', 21, 50),
('14B81A05Q2', 'MPMC_INT', 14, 25),
('14B81A05Q2', 'MPMC_EXT', 20, 50),
('14B81A05Q2', 'QA_INT', 12, 20),
('14B81A05Q2', 'QA_EXT', 13, 30),
('14B81A05Q3', 'CD001', 16, 25),
('14B81A05Q3', 'CD002', 17, 75),
('14B81A05Q3', 'CG001', 13, 25),
('14B81A05Q3', 'CG002', 27, 75),
('14B81A05Q3', 'NS001', 13, 25),
('14B81A05Q3', 'NS002', 17, 75),
('14B81A05Q3', 'MPMC001', 14, 25),
('14B81A05Q3', 'MPMC002', 18, 75),
('14B81A05Q3', 'WT001', 13, 25),
('14B81A05Q3', 'WT002', 27, 75),
('14B81A05Q3', 'WN001', 14, 25),
('14B81A05Q3', 'WN002', 31, 75),
('14B81A05Q3', 'WT_INT', 15, 25),
('14B81A05Q3', 'WT_EXT', 21, 50),
('14B81A05Q3', 'MPMC_INT', 14, 25),
('14B81A05Q3', 'MPMC_EXT', 20, 50),
('14B81A05Q3', 'QA_INT', 12, 20),
('14B81A05Q3', 'QA_EXT', 13, 30),
('14B81A05Q8', 'CD001', 16, 25),
('14B81A05Q8', 'CD002', 17, 75),
('14B81A05Q8', 'CG001', 13, 25),
('14B81A05Q8', 'CG002', 27, 75),
('14B81A05Q8', 'NS001', 13, 25),
('14B81A05Q8', 'NS002', 17, 75),
('14B81A05Q8', 'MPMC001', 14, 25),
('14B81A05Q8', 'MPMC002', 18, 75),
('14B81A05Q8', 'WT001', 13, 25),
('14B81A05Q8', 'WT002', 27, 75),
('14B81A05Q8', 'WN001', 14, 25),
('14B81A05Q8', 'WN002', 31, 75),
('14B81A05Q8', 'WT_INT', 15, 25),
('14B81A05Q8', 'WT_EXT', 21, 50),
('14B81A05Q8', 'MPMC_INT', 14, 25),
('14B81A05Q8', 'MPMC_EXT', 20, 50),
('14B81A05Q8', 'QA_INT', 12, 20),
('14B81A05Q8', 'QA_EXT', 13, 30);

-- --------------------------------------------------------

--
-- Table structure for table `student_table`
--

CREATE TABLE `student_table` (
  `Roll_No` varchar(15) NOT NULL,
  `Student_Name` varchar(20) NOT NULL,
  `Branch_Code` varchar(10) NOT NULL
) ENGINE=InnoDB DEFAULT CHARSET=latin1;

--
-- Dumping data for table `student_table`
--

INSERT INTO `student_table` (`Roll_No`, `Student_Name`, `Branch_Code`) VALUES
('14B81A05Q1', 'Shravan', 'CSE'),
('14B81A05Q2', 'Sravanthi', 'CSE'),
('14B81A05Q3', 'Sreeja', 'CSE'),
('14B81A05Q5', 'Harsha', 'CSE'),
('14B81A05Q6', 'Sridhar Chintam', 'CSE'),
('14B81A05Q7', 'Srikanth Laddu', 'CSE'),
('14B81A05Q8', 'Srikanth Potti', 'CSE'),
('14B81A05Q9', 'Srikanth Kondam', 'CSE'),
('14B81A05R0', 'Srinija', 'CSE'),
('14B81A05R1', 'Srinivas', 'CSE'),
('14B81A05R3', 'Srujana Gundeti', 'CSE'),
('14B81A05R4', 'Sruthi Soudha', 'CSE'),
('14B81A05R6', 'Subha Sekhar Reddy', 'CSE'),
('14B81A05R7', 'Suhas Gudaboina', 'CSE'),
('14B81A05R8', 'Sukanya Reddy', 'CSE'),
('14B81A05R9', 'Suma Anireddy', 'CSE'),
('14B81A05S0', 'Supriya Uppala', 'CSE'),
('14B81A05S3', 'Suresh', 'CSE'),
('14B81A05S4', 'Sushma Dasini', 'CSE'),
('14B81A05S5', 'Sushmitha Reddy', 'CSE'),
('14B81A05S7', 'Tagore', 'CSE'),
('14B81A05S9', 'Tirupathi', 'CSE'),
('14B81A05T3', 'Tharun Bathula', 'CSE'),
('14B81A05T5', 'Usha', 'CSE'),
('14B81A05T6', 'Umesh', 'CSE'),
('14B81A05T8', 'Ujwala', 'CSE'),
('14B81A05U0', 'Vamshi Verma', 'CSE'),
('14B81A05U1', 'Vasavi', 'CSE'),
('14B81A05U2', 'Varshitha Reddy', 'CSE'),
('14B81A05U3', 'Vamshi Sagar', 'CSE'),
('14B81A05U7', 'Vijay Kumar Kotla', 'CSE'),
('14B81A05V0', 'Vineeth Reddy', 'CSE'),
('14B81A05V2', 'Vishal', 'CSE'),
('14B81A05V3', 'Yashwanth Kondi', 'CSE'),
('14B81A05V4', 'Yash', 'CSE'),
('14B81A05V5', 'Chakradhar', 'CSE'),
('14B81A05V6', 'Koushtub', 'CSE'),
('14B81A05V7', 'Gundlapalli', 'CSE'),
('14B81A05V8', 'B Yashwanth', 'CSE'),
('14B81A05W0', 'Yuktha', 'CSE');

--
-- Indexes for dumped tables
--

--
-- Indexes for table `branch_table`
--
ALTER TABLE `branch_table`
  ADD PRIMARY KEY (`Branch_Code`);

--
-- Indexes for table `course_outcome_table`
--
ALTER TABLE `course_outcome_table`
  ADD KEY `Course_Code` (`Course_Code`),
  ADD KEY `Course_Outcome_Id` (`Course_Outcome_Id`);

--
-- Indexes for table `course_table`
--
ALTER TABLE `course_table`
  ADD PRIMARY KEY (`Course_Code`);

--
-- Indexes for table `examination_table`
--
ALTER TABLE `examination_table`
  ADD PRIMARY KEY (`Examination_Code`),
  ADD KEY `Max_Marks` (`Max_Marks`);

--
-- Indexes for table `exam_questions_table`
--
ALTER TABLE `exam_questions_table`
  ADD KEY `Roll_No` (`Roll_No`),
  ADD KEY `Examination_Code` (`Examination_Code`),
  ADD KEY `Course_Code` (`Course_Code`),
  ADD KEY `Course_Outcome_Id` (`Course_Outcome_Id`);

--
-- Indexes for table `faculty`
--
ALTER TABLE `faculty`
  ADD PRIMARY KEY (`user_id`);

--
-- Indexes for table `faculty_table`
--
ALTER TABLE `faculty_table`
  ADD PRIMARY KEY (`Faculty_Id`);

--
-- Indexes for table `questions_mapping`
--
ALTER TABLE `questions_mapping`
  ADD KEY `Branch_Code` (`Branch_Code`),
  ADD KEY `Roll_No` (`Roll_No`),
  ADD KEY `Course_Code` (`Course_Code`),
  ADD KEY `Examination_Code` (`Examination_Code`),
  ADD KEY `Q_ID` (`Q_ID`),
  ADD KEY `Course_Outcome_Id` (`Course_Outcome_Id`);

--
-- Indexes for table `questions_table`
--
ALTER TABLE `questions_table`
  ADD KEY `Course_Code` (`Course_Code`),
  ADD KEY `Examination_Code` (`Examination_Code`),
  ADD KEY `Q_ID` (`Q_ID`),
  ADD KEY `Course_Outcome_Id` (`Course_Outcome_Id`);

--
-- Indexes for table `student_marks`
--
ALTER TABLE `student_marks`
  ADD KEY `Roll_No` (`Roll_No`),
  ADD KEY `Examination_Code` (`Examination_Code`),
  ADD KEY `Max_Marks` (`Max_Marks`);

--
-- Indexes for table `student_table`
--
ALTER TABLE `student_table`
  ADD PRIMARY KEY (`Roll_No`);

--
-- AUTO_INCREMENT for dumped tables
--

--
-- AUTO_INCREMENT for table `faculty`
--
ALTER TABLE `faculty`
  MODIFY `user_id` int(10) NOT NULL AUTO_INCREMENT, AUTO_INCREMENT=7;
--
-- Constraints for dumped tables
--

--
-- Constraints for table `course_outcome_table`
--
ALTER TABLE `course_outcome_table`
  ADD CONSTRAINT `fkey1` FOREIGN KEY (`Course_Code`) REFERENCES `course_table` (`Course_Code`);

--
-- Constraints for table `exam_questions_table`
--
ALTER TABLE `exam_questions_table`
  ADD CONSTRAINT `fkey2` FOREIGN KEY (`Course_Code`) REFERENCES `course_table` (`Course_Code`),
  ADD CONSTRAINT `fkey3` FOREIGN KEY (`Roll_No`) REFERENCES `student_table` (`Roll_No`),
  ADD CONSTRAINT `fkey4` FOREIGN KEY (`Examination_Code`) REFERENCES `examination_table` (`Examination_Code`);

--
-- Constraints for table `questions_mapping`
--
ALTER TABLE `questions_mapping`
  ADD CONSTRAINT `fkey10` FOREIGN KEY (`Course_Code`) REFERENCES `course_table` (`Course_Code`),
  ADD CONSTRAINT `fkey11` FOREIGN KEY (`Examination_Code`) REFERENCES `examination_table` (`Examination_Code`),
  ADD CONSTRAINT `fkey12` FOREIGN KEY (`Course_Outcome_Id`) REFERENCES `course_outcome_table` (`Course_Outcome_Id`),
  ADD CONSTRAINT `fkey16` FOREIGN KEY (`Q_ID`) REFERENCES `questions_table` (`Q_ID`),
  ADD CONSTRAINT `fkey8` FOREIGN KEY (`Branch_Code`) REFERENCES `branch_table` (`Branch_Code`),
  ADD CONSTRAINT `fkey9` FOREIGN KEY (`Roll_No`) REFERENCES `student_table` (`Roll_No`);

--
-- Constraints for table `questions_table`
--
ALTER TABLE `questions_table`
  ADD CONSTRAINT `fkey13` FOREIGN KEY (`Course_Code`) REFERENCES `course_table` (`Course_Code`),
  ADD CONSTRAINT `fkey14` FOREIGN KEY (`Examination_Code`) REFERENCES `examination_table` (`Examination_Code`),
  ADD CONSTRAINT `fkey15` FOREIGN KEY (`Course_Outcome_Id`) REFERENCES `course_outcome_table` (`Course_Outcome_Id`);

--
-- Constraints for table `student_marks`
--
ALTER TABLE `student_marks`
  ADD CONSTRAINT `fkey5` FOREIGN KEY (`Max_Marks`) REFERENCES `examination_table` (`Max_Marks`),
  ADD CONSTRAINT `fkey6` FOREIGN KEY (`Roll_No`) REFERENCES `student_table` (`Roll_No`),
  ADD CONSTRAINT `fkey7` FOREIGN KEY (`Examination_Code`) REFERENCES `examination_table` (`Examination_Code`);

/*!40101 SET CHARACTER_SET_CLIENT=@OLD_CHARACTER_SET_CLIENT */;
/*!40101 SET CHARACTER_SET_RESULTS=@OLD_CHARACTER_SET_RESULTS */;
/*!40101 SET COLLATION_CONNECTION=@OLD_COLLATION_CONNECTION */;
